0.000	start
0.989	opening_landing
1.872	opening_empty_landing
2.747	answer_15
3.139	question_7x8
3.606	empty_before_tripler
4.490	tripler_collected
4.491	multiplier_landing
5.356	empty_after_tripler
6.223	star_collected
6.225	star_landing
7.006	answer_56
7.014	character_bunny
7.406	final_question_armed
7.408	final_question_visible
7.956	bunny_landing
7.964	character_dog
8.822	dog_landing
9.689	wrap_landing
9.693	character_bear
10.572	bear_landing
10.580	character_fox
11.439	completion_launch
11.441	final_answer
17.097	end_card_settled
