0.001	start
0.933	premium_character_frog
2.008	premium_character_penguin
3.114	premium_character_bunny
4.174	premium_character_dog
5.233	premium_character_lion
6.307	premium_character_octopus
7.383	premium_character_crab
8.457	premium_character_elephant
9.550	premium_character_bear
10.658	premium_character_fox
11.371	premium_language_picker_open_top
11.833	premium_language_scroll_arabic
14.042	premium_language_arabic
15.356	premium_sheet_closed
16.466	premium_sheet_reopened
17.894	premium_language_picker_open_arabic
18.355	premium_language_scroll_english
19.638	premium_language_english
20.831	premium_loop_complete
