key;variant;instruction;en;nl;af;sq;am;ar;hy;as;az;eu;bn;my;bs;bg;ca;zh;da;de;et;fo;fi;fr;gl;ka;el;gu;he;hi;hu;ga;is;id;it;ja;kn;kk;km;ko;hr;lo;lv;lt;mk;ms;ml;mr;mn;ne;no;uk;or;ug;uz;fa;pl;pt;pa;ro;ru;sr;si;sk;sl;es;sw;ta;te;th;bo;cs;tr;ur;vi;cy;be;zu;sv
character.bear;;Animal name, a single word. English is 4 characters. Try to stay close to that.;Bear;Beer;;;;;;;;;;;;;;;;;;;;;;;;;;;;;;;;;;;;;;;;;;;;;;;;;;;;;;;;;;;;;;;;;;;;;;;;;;;
character.bunny;;Animal name, a single word. English is 5 characters. Try to stay close to that.;Bunny;Konijn;;;;;;;;;;;;;;;;;;;;;;;;;;;;;;;;;;;;;;;;;;;;;;;;;;;;;;;;;;;;;;;;;;;;;;;;;;;
character.crab;;Animal name, a single word. English is 4 characters. Try to stay close to that.;Crab;Krab;;;;;;;;;;;;;;;;;;;;;;;;;;;;;;;;;;;;;;;;;;;;;;;;;;;;;;;;;;;;;;;;;;;;;;;;;;;
character.dog;;Animal name, a single word. English is 3 characters. Try to stay close to that.;Dog;Hond;;;;;;;;;;;;;;;;;;;;;;;;;;;;;;;;;;;;;;;;;;;;;;;;;;;;;;;;;;;;;;;;;;;;;;;;;;;
character.elephant;;Animal name, a single word. English is 8 characters. Try to stay close to that.;Elephant;Olifant;;;;;;;;;;;;;;;;;;;;;;;;;;;;;;;;;;;;;;;;;;;;;;;;;;;;;;;;;;;;;;;;;;;;;;;;;;;
character.fox;;Animal name, a single word. English is 3 characters. Try to stay close to that.;Fox;Vos;;;;;;;;;;;;;;;;;;;;;;;;;;;;;;;;;;;;;;;;;;;;;;;;;;;;;;;;;;;;;;;;;;;;;;;;;;;
character.frog;;Animal name, a single word. English is 4 characters. Try to stay close to that.;Frog;Kikker;;;;;;;;;;;;;;;;;;;;;;;;;;;;;;;;;;;;;;;;;;;;;;;;;;;;;;;;;;;;;;;;;;;;;;;;;;;
character.lion;;Animal name, a single word. English is 4 characters. Try to stay close to that.;Lion;Leeuw;;;;;;;;;;;;;;;;;;;;;;;;;;;;;;;;;;;;;;;;;;;;;;;;;;;;;;;;;;;;;;;;;;;;;;;;;;;
character.octopus;;Animal name, a single word. English is 7 characters. Try to stay close to that.;Octopus;Inktvis;;;;;;;;;;;;;;;;;;;;;;;;;;;;;;;;;;;;;;;;;;;;;;;;;;;;;;;;;;;;;;;;;;;;;;;;;;;
character.penguin;;Animal name, a single word. English is 7 characters. Try to stay close to that.;Penguin;Pinguïn;;;;;;;;;;;;;;;;;;;;;;;;;;;;;;;;;;;;;;;;;;;;;;;;;;;;;;;;;;;;;;;;;;;;;;;;;;;
character.pickerTitle;;Animal name, a single word. English is 21 characters. Try to stay close to that.;Choose your character;Kies je poppetje;;;;;;;;;;;;;;;;;;;;;;;;;;;;;;;;;;;;;;;;;;;;;;;;;;;;;;;;;;;;;;;;;;;;;;;;;;;
common.back;;Small button or label. Keep it very short. English is 4 characters. Try to stay close to that.;Back;Terug;;;;;;;;;;;;;;;;;;;;;;;;;;;;;;;;;;;;;;;;;;;;;;;;;;;;;;;;;;;;;;;;;;;;;;;;;;;
common.cancel;;Small button or label. Keep it very short. English is 6 characters. Try to stay close to that.;Cancel;Annuleer;;;;;;;;;;;;;;;;;;;;;;;;;;;;;;;;;;;;;;;;;;;;;;;;;;;;;;;;;;;;;;;;;;;;;;;;;;;
common.continue;;Small button or label. Keep it very short. English is 8 characters. Try to stay close to that.;Continue;Verder;;;;;;;;;;;;;;;;;;;;;;;;;;;;;;;;;;;;;;;;;;;;;;;;;;;;;;;;;;;;;;;;;;;;;;;;;;;
common.done;;Small button or label. Keep it very short. English is 4 characters. Try to stay close to that.;Done;Klaar;;;;;;;;;;;;;;;;;;;;;;;;;;;;;;;;;;;;;;;;;;;;;;;;;;;;;;;;;;;;;;;;;;;;;;;;;;;
common.minutesShort %lld %lld;;"Small button or label. Keep it very short. Keep the placeholders exactly (%lld); the app fills them with numbers/text at runtime. You may reorder them to fit natural word order. English is 13 characters. Try to stay close to that.";%lld/%lld min;%lld/%lld min;;;;;;;;;;;;;;;;;;;;;;;;;;;;;;;;;;;;;;;;;;;;;;;;;;;;;;;;;;;;;;;;;;;;;;;;;;;
common.save;;Small button or label. Keep it very short. English is 4 characters. Try to stay close to that.;Save;Bewaar;;;;;;;;;;;;;;;;;;;;;;;;;;;;;;;;;;;;;;;;;;;;;;;;;;;;;;;;;;;;;;;;;;;;;;;;;;;
developerMode.accessibilityHint;;VoiceOver label (not shown on screen). Favour clarity over brevity. English is 52 characters. Try to stay close to that.;Press and hold for 2 seconds to open developer mode.;Houd 2 seconden ingedrukt voor ontwikkelaarsmodus.;;;;;;;;;;;;;;;;;;;;;;;;;;;;;;;;;;;;;;;;;;;;;;;;;;;;;;;;;;;;;;;;;;;;;;;;;;;
developerMode.title;;Heading. Short and punchy. English is 14 characters. Try to stay close to that.;Developer mode;Ontwikkelaarsmodus;;;;;;;;;;;;;;;;;;;;;;;;;;;;;;;;;;;;;;;;;;;;;;;;;;;;;;;;;;;;;;;;;;;;;;;;;;;
filter.addition;;In-app text. English is 8 characters. Try to stay close to that.;Addition;Optellen;;;;;;;;;;;;;;;;;;;;;;;;;;;;;;;;;;;;;;;;;;;;;;;;;;;;;;;;;;;;;;;;;;;;;;;;;;;
filter.fractions;;In-app text. English is 9 characters. Try to stay close to that.;Fractions;Breuken;;;;;;;;;;;;;;;;;;;;;;;;;;;;;;;;;;;;;;;;;;;;;;;;;;;;;;;;;;;;;;;;;;;;;;;;;;;
filter.mixed;;In-app text. English is 8 characters. Try to stay close to that.;Supermix;Supermix;;;;;;;;;;;;;;;;;;;;;;;;;;;;;;;;;;;;;;;;;;;;;;;;;;;;;;;;;;;;;;;;;;;;;;;;;;;
filter.percentages;;In-app text. English is 11 characters. Try to stay close to that.;Percentages;Procenten;;;;;;;;;;;;;;;;;;;;;;;;;;;;;;;;;;;;;;;;;;;;;;;;;;;;;;;;;;;;;;;;;;;;;;;;;;;
filter.subtraction;;In-app text. English is 11 characters. Try to stay close to that.;Subtraction;Aftrekken;;;;;;;;;;;;;;;;;;;;;;;;;;;;;;;;;;;;;;;;;;;;;;;;;;;;;;;;;;;;;;;;;;;;;;;;;;;
filter.tables;;In-app text. English is 6 characters. Try to stay close to that.;Tables;Tafels;;;;;;;;;;;;;;;;;;;;;;;;;;;;;;;;;;;;;;;;;;;;;;;;;;;;;;;;;;;;;;;;;;;;;;;;;;;
game.accessibility.mix;;VoiceOver label (not shown on screen). Favour clarity over brevity. English is 3 characters. Try to stay close to that.;Mix;Mix;;;;;;;;;;;;;;;;;;;;;;;;;;;;;;;;;;;;;;;;;;;;;;;;;;;;;;;;;;;;;;;;;;;;;;;;;;;
game.accessibility.scoreOutOf %lld %lld;;"VoiceOver label (not shown on screen). Favour clarity over brevity. Keep the placeholders exactly (%lld); the app fills them with numbers/text at runtime. You may reorder them to fit natural word order. English is 16 characters. Try to stay close to that.";%lld out of %lld;%lld van %lld;;;;;;;;;;;;;;;;;;;;;;;;;;;;;;;;;;;;;;;;;;;;;;;;;;;;;;;;;;;;;;;;;;;;;;;;;;;
game.encouragement.0;;In-app text. English is 8 characters. Try to stay close to that.;Good try;Goed geprobeerd;;;;;;;;;;;;;;;;;;;;;;;;;;;;;;;;;;;;;;;;;;;;;;;;;;;;;;;;;;;;;;;;;;;;;;;;;;;
game.encouragement.1;;In-app text. English is 12 characters. Try to stay close to that.;It's a start;Het begin is er;;;;;;;;;;;;;;;;;;;;;;;;;;;;;;;;;;;;;;;;;;;;;;;;;;;;;;;;;;;;;;;;;;;;;;;;;;;
game.encouragement.2;;In-app text. English is 15 characters. Try to stay close to that.;Keep practicing;Blijf oefenen;;;;;;;;;;;;;;;;;;;;;;;;;;;;;;;;;;;;;;;;;;;;;;;;;;;;;;;;;;;;;;;;;;;;;;;;;;;
game.encouragement.3;;In-app text. English is 14 characters. Try to stay close to that.;Not bad at all;Lang niet slecht;;;;;;;;;;;;;;;;;;;;;;;;;;;;;;;;;;;;;;;;;;;;;;;;;;;;;;;;;;;;;;;;;;;;;;;;;;;
game.encouragement.4;;In-app text. English is 10 characters. Try to stay close to that.;Doing well;Goed bezig;;;;;;;;;;;;;;;;;;;;;;;;;;;;;;;;;;;;;;;;;;;;;;;;;;;;;;;;;;;;;;;;;;;;;;;;;;;
game.encouragement.5;;In-app text. English is 16 characters. Try to stay close to that.;Nice performance;Mooie prestatie;;;;;;;;;;;;;;;;;;;;;;;;;;;;;;;;;;;;;;;;;;;;;;;;;;;;;;;;;;;;;;;;;;;;;;;;;;;
game.encouragement.6;;In-app text. English is 9 characters. Try to stay close to that.;Well done;Knap gedaan;;;;;;;;;;;;;;;;;;;;;;;;;;;;;;;;;;;;;;;;;;;;;;;;;;;;;;;;;;;;;;;;;;;;;;;;;;;
game.encouragement.7;;In-app text. English is 16 characters. Try to stay close to that.;Very well played;Heel goed gespeeld;;;;;;;;;;;;;;;;;;;;;;;;;;;;;;;;;;;;;;;;;;;;;;;;;;;;;;;;;;;;;;;;;;;;;;;;;;;
game.encouragement.8;;In-app text. English is 22 characters. Try to stay close to that.;The finish is in sight;Het einde is in zicht;;;;;;;;;;;;;;;;;;;;;;;;;;;;;;;;;;;;;;;;;;;;;;;;;;;;;;;;;;;;;;;;;;;;;;;;;;;
game.encouragement.9;;In-app text. English is 19 characters. Try to stay close to that.;You're almost there;Je bent er bijna;;;;;;;;;;;;;;;;;;;;;;;;;;;;;;;;;;;;;;;;;;;;;;;;;;;;;;;;;;;;;;;;;;;;;;;;;;;
game.end.completionSubtitle;;In-app text. English is 23 characters. Try to stay close to that.;You earned every point.;Je hebt alle punten gehaald.;;;;;;;;;;;;;;;;;;;;;;;;;;;;;;;;;;;;;;;;;;;;;;;;;;;;;;;;;;;;;;;;;;;;;;;;;;;
game.end.completionSuffix;;In-app text. English is 9 characters. Try to stay close to that.;complete!;afgerond!;;;;;;;;;;;;;;;;;;;;;;;;;;;;;;;;;;;;;;;;;;;;;;;;;;;;;;;;;;;;;;;;;;;;;;;;;;;
game.end.gameOverTitle;;In-app text. English is 9 characters. Try to stay close to that.;Game over;Game over;;;;;;;;;;;;;;;;;;;;;;;;;;;;;;;;;;;;;;;;;;;;;;;;;;;;;;;;;;;;;;;;;;;;;;;;;;;
game.end.mainMenu;;In-app text. English is 9 characters. Try to stay close to that.;Main menu;Hoofdmenu;;;;;;;;;;;;;;;;;;;;;;;;;;;;;;;;;;;;;;;;;;;;;;;;;;;;;;;;;;;;;;;;;;;;;;;;;;;
game.end.playAgain;;In-app text. English is 10 characters. Try to stay close to that.;Play again;Nog een keer;;;;;;;;;;;;;;;;;;;;;;;;;;;;;;;;;;;;;;;;;;;;;;;;;;;;;;;;;;;;;;;;;;;;;;;;;;;
game.highScore;;In-app text. English is 10 characters. Try to stay close to that.;High score;Topscore;;;;;;;;;;;;;;;;;;;;;;;;;;;;;;;;;;;;;;;;;;;;;;;;;;;;;;;;;;;;;;;;;;;;;;;;;;;
game.intro.backToMainMenu;;Short bullet on the pre-game card. Keep it concise. English is 17 characters. Try to stay close to that.;Back to main menu;Terug naar hoofdmenu;;;;;;;;;;;;;;;;;;;;;;;;;;;;;;;;;;;;;;;;;;;;;;;;;;;;;;;;;;;;;;;;;;;;;;;;;;;
game.intro.continue;;Short bullet on the pre-game card. Keep it concise. English is 8 characters. Try to stay close to that.;Continue;Speel verder;;;;;;;;;;;;;;;;;;;;;;;;;;;;;;;;;;;;;;;;;;;;;;;;;;;;;;;;;;;;;;;;;;;;;;;;;;;
game.intro.continueFrom %lld;;"Short bullet on the pre-game card. Keep it concise. Keep the placeholders exactly (%lld); the app fills them with numbers/text at runtime. You may reorder them to fit natural word order. English is 25 characters. Try to stay close to that.";You’ll continue from %lld;Je gaat verder bij %lld;;;;;;;;;;;;;;;;;;;;;;;;;;;;;;;;;;;;;;;;;;;;;;;;;;;;;;;;;;;;;;;;;;;;;;;;;;;
game.intro.helperBullet;;Short bullet on the pre-game card. Keep it concise. English is 118 characters. Try to stay close to that.;The correct answer is highlighted in green because the helper is on. Trophies are therefore counted separately with *.;Het goede antwoord is groen gemarkeerd omdat de helper aanstaat. Trofeeën worden daarom apart geteld met *.;;;;;;;;;;;;;;;;;;;;;;;;;;;;;;;;;;;;;;;;;;;;;;;;;;;;;;;;;;;;;;;;;;;;;;;;;;;
game.intro.helperOff;;Short bullet on the pre-game card. Keep it concise. English is 10 characters. Try to stay close to that.;Helper off;Helper uit;;;;;;;;;;;;;;;;;;;;;;;;;;;;;;;;;;;;;;;;;;;;;;;;;;;;;;;;;;;;;;;;;;;;;;;;;;;
game.intro.helperOn;;Short bullet on the pre-game card. Keep it concise. English is 9 characters. Try to stay close to that.;Helper on;Helper aan;;;;;;;;;;;;;;;;;;;;;;;;;;;;;;;;;;;;;;;;;;;;;;;;;;;;;;;;;;;;;;;;;;;;;;;;;;;
game.intro.howItWorks;;Short bullet on the pre-game card. Keep it concise. English is 20 characters. Try to stay close to that.;How this level works;Zo werkt dit level;;;;;;;;;;;;;;;;;;;;;;;;;;;;;;;;;;;;;;;;;;;;;;;;;;;;;;;;;;;;;;;;;;;;;;;;;;;
game.intro.livesOff;;Short bullet on the pre-game card. Keep it concise. English is 9 characters. Try to stay close to that.;Lives off;Levens uit;;;;;;;;;;;;;;;;;;;;;;;;;;;;;;;;;;;;;;;;;;;;;;;;;;;;;;;;;;;;;;;;;;;;;;;;;;;
game.intro.livesOn;;Short bullet on the pre-game card. Keep it concise. English is 8 characters. Try to stay close to that.;Lives on;Levens aan;;;;;;;;;;;;;;;;;;;;;;;;;;;;;;;;;;;;;;;;;;;;;;;;;;;;;;;;;;;;;;;;;;;;;;;;;;;
game.intro.scorePaused;;Short bullet on the pre-game card. Keep it concise. English is 34 characters. Try to stay close to that.;Your current score will be paused.;Je huidige score wordt gepauzeerd.;;;;;;;;;;;;;;;;;;;;;;;;;;;;;;;;;;;;;;;;;;;;;;;;;;;;;;;;;;;;;;;;;;;;;;;;;;;
game.intro.start;;Short bullet on the pre-game card. Keep it concise. English is 11 characters. Try to stay close to that.;Start level;Start level;;;;;;;;;;;;;;;;;;;;;;;;;;;;;;;;;;;;;;;;;;;;;;;;;;;;;;;;;;;;;;;;;;;;;;;;;;;
game.intro.tablesDetail %@ %@;;"Short bullet on the pre-game card. Keep it concise. Keep the placeholders exactly (%@); the app fills them with numbers/text at runtime. You may reorder them to fit natural word order. English is 39 characters. Try to stay close to that.";Multiply %@%@ by a number from 1 to 12.;Vermenigvuldig %@%@ met een getal van 1 t/m 12.;;;;;;;;;;;;;;;;;;;;;;;;;;;;;;;;;;;;;;;;;;;;;;;;;;;;;;;;;;;;;;;;;;;;;;;;;;;
game.intro.tablesOrLower;;Short bullet on the pre-game card. Keep it concise. English is 9 characters. Try to stay close to that.; or lower; of lager;;;;;;;;;;;;;;;;;;;;;;;;;;;;;;;;;;;;;;;;;;;;;;;;;;;;;;;;;;;;;;;;;;;;;;;;;;;
game.intro.tapToContinue;;Short bullet on the pre-game card. Keep it concise. English is 24 characters. Try to stay close to that.;Tap anywhere to continue;Tik ergens om verder te spelen;;;;;;;;;;;;;;;;;;;;;;;;;;;;;;;;;;;;;;;;;;;;;;;;;;;;;;;;;;;;;;;;;;;;;;;;;;;
game.intro.tapToStart;;Short bullet on the pre-game card. Keep it concise. English is 21 characters. Try to stay close to that.;Tap anywhere to start;Tik ergens om te starten;;;;;;;;;;;;;;;;;;;;;;;;;;;;;;;;;;;;;;;;;;;;;;;;;;;;;;;;;;;;;;;;;;;;;;;;;;;
game.intro.trophyBullet %lld;;"Short bullet on the pre-game card. Keep it concise. Keep the placeholders exactly (%lld); the app fills them with numbers/text at runtime. You may reorder them to fit natural word order. |pipes| mark bold text (2 pair(s) here). Wrap the matching word(s) in your language in |pipes|, do not translate the pipes away. English is 62 characters. Try to stay close to that.";Earn |1| trophy per correct answer, up to a maximum of |%lld|.;Verdien |1| trofee per goed antwoord, met een maximum van |%lld|.;;;;;;;;;;;;;;;;;;;;;;;;;;;;;;;;;;;;;;;;;;;;;;;;;;;;;;;;;;;;;;;;;;;;;;;;;;;
game.intro.unlimitedBullet;;Short bullet on the pre-game card. Keep it concise. English is 57 characters. Try to stay close to that.;Once your lives are gone you can no longer earn trophies.;Nadat je levens op zijn, kun je geen trofeeën meer verdienen.;;;;;;;;;;;;;;;;;;;;;;;;;;;;;;;;;;;;;;;;;;;;;;;;;;;;;;;;;;;;;;;;;;;;;;;;;;;
game.status.leaderboardMaxed;;In-app text. English is 44 characters. Try to stay close to that.;Maximum trophies for the leaderboard reached;Maximaal aantal trofeeën voor scorebord behaald;;;;;;;;;;;;;;;;;;;;;;;;;;;;;;;;;;;;;;;;;;;;;;;;;;;;;;;;;;;;;;;;;;;;;;;;;;;
game.status.mixMode;;In-app text. English is 8 characters. Try to stay close to that.;MIX MODE;MIX-MODUS;;;;;;;;;;;;;;;;;;;;;;;;;;;;;;;;;;;;;;;;;;;;;;;;;;;;;;;;;;;;;;;;;;;;;;;;;;;
game.status.scoreLocked;;In-app text. English is 49 characters. Try to stay close to that.;Trophies no longer count once your lives are gone;Trofeeën tellen niet meer mee nadat je levens op zijn;;;;;;;;;;;;;;;;;;;;;;;;;;;;;;;;;;;;;;;;;;;;;;;;;;;;;;;;;;;;;;;;;;;;;;;;;;;
game.streak.subtitle;;Subheading. One short sentence. English is 11 characters. Try to stay close to that.;Trophies ×2;Trofeeën ×2;;;;;;;;;;;;;;;;;;;;;;;;;;;;;;;;;;;;;;;;;;;;;;;;;;;;;;;;;;;;;;;;;;;;;;;;;;;
game.streak.title;;Heading. Short and punchy. English is 11 characters. Try to stay close to that.;5 in a row!;5 op een rij!;;;;;;;;;;;;;;;;;;;;;;;;;;;;;;;;;;;;;;;;;;;;;;;;;;;;;;;;;;;;;;;;;;;;;;;;;;;
goal.period;;Settings text. Keep it compact. English is 11 characters. Try to stay close to that.;Goal period;Doelperiode;;;;;;;;;;;;;;;;;;;;;;;;;;;;;;;;;;;;;;;;;;;;;;;;;;;;;;;;;;;;;;;;;;;;;;;;;;;
goal.promptDaily;;Settings text. Keep it compact. English is 45 characters. Try to stay close to that.;How many minutes do you want to play per day?;Hoeveel minuten wil je per dag spelen?;;;;;;;;;;;;;;;;;;;;;;;;;;;;;;;;;;;;;;;;;;;;;;;;;;;;;;;;;;;;;;;;;;;;;;;;;;;
goal.promptWeekly;;Settings text. Keep it compact. English is 46 characters. Try to stay close to that.;How many minutes do you want to play per week?;Hoeveel minuten wil je per week spelen?;;;;;;;;;;;;;;;;;;;;;;;;;;;;;;;;;;;;;;;;;;;;;;;;;;;;;;;;;;;;;;;;;;;;;;;;;;;
goal.title;;Heading. Short and punchy. English is 9 characters. Try to stay close to that.;Play goal;Speeldoel;;;;;;;;;;;;;;;;;;;;;;;;;;;;;;;;;;;;;;;;;;;;;;;;;;;;;;;;;;;;;;;;;;;;;;;;;;;
goalPeriod.daily;;In-app text. English is 5 characters. Try to stay close to that.;Daily;Dagelijks;;;;;;;;;;;;;;;;;;;;;;;;;;;;;;;;;;;;;;;;;;;;;;;;;;;;;;;;;;;;;;;;;;;;;;;;;;;
goalPeriod.weekly;;In-app text. English is 6 characters. Try to stay close to that.;Weekly;Wekelijks;;;;;;;;;;;;;;;;;;;;;;;;;;;;;;;;;;;;;;;;;;;;;;;;;;;;;;;;;;;;;;;;;;;;;;;;;;;
info.filter.addition;;In-app text. English is 13 characters. Try to stay close to that.;Addition only;Alleen optellen;;;;;;;;;;;;;;;;;;;;;;;;;;;;;;;;;;;;;;;;;;;;;;;;;;;;;;;;;;;;;;;;;;;;;;;;;;;
info.filter.fractions;;In-app text. English is 13 characters. Try to stay close to that.;Division only;Alleen delen;;;;;;;;;;;;;;;;;;;;;;;;;;;;;;;;;;;;;;;;;;;;;;;;;;;;;;;;;;;;;;;;;;;;;;;;;;;
info.filter.header;;In-app text. English is 17 characters. Try to stay close to that.;Types of problems;Soorten sommen;;;;;;;;;;;;;;;;;;;;;;;;;;;;;;;;;;;;;;;;;;;;;;;;;;;;;;;;;;;;;;;;;;;;;;;;;;;
info.filter.mixed;;In-app text. English is 16 characters. Try to stay close to that.;Mixed operations;Gemengde sommen;;;;;;;;;;;;;;;;;;;;;;;;;;;;;;;;;;;;;;;;;;;;;;;;;;;;;;;;;;;;;;;;;;;;;;;;;;;
info.filter.percentages;;In-app text. English is 16 characters. Try to stay close to that.;Percentages only;Alleen percentages;;;;;;;;;;;;;;;;;;;;;;;;;;;;;;;;;;;;;;;;;;;;;;;;;;;;;;;;;;;;;;;;;;;;;;;;;;;
info.filter.subtraction;;In-app text. English is 16 characters. Try to stay close to that.;Subtraction only;Alleen aftrekken;;;;;;;;;;;;;;;;;;;;;;;;;;;;;;;;;;;;;;;;;;;;;;;;;;;;;;;;;;;;;;;;;;;;;;;;;;;
info.filter.tables;;In-app text. English is 19 characters. Try to stay close to that.;Multiplication only;Alleen vermenigvuldigen;;;;;;;;;;;;;;;;;;;;;;;;;;;;;;;;;;;;;;;;;;;;;;;;;;;;;;;;;;;;;;;;;;;;;;;;;;;
info.mode.fractions.header;;In-app text. English is 5 characters. Try to stay close to that.;Parts;Delen;;;;;;;;;;;;;;;;;;;;;;;;;;;;;;;;;;;;;;;;;;;;;;;;;;;;;;;;;;;;;;;;;;;;;;;;;;;
info.mode.fractions.multiple;;In-app text. English is 25 characters. Try to stay close to that.;Single and multiple parts;Enkele en meerdere delen;;;;;;;;;;;;;;;;;;;;;;;;;;;;;;;;;;;;;;;;;;;;;;;;;;;;;;;;;;;;;;;;;;;;;;;;;;;
info.mode.fractions.single;;In-app text. English is 20 characters. Try to stay close to that.;Always a single part;Altijd een enkel deel;;;;;;;;;;;;;;;;;;;;;;;;;;;;;;;;;;;;;;;;;;;;;;;;;;;;;;;;;;;;;;;;;;;;;;;;;;;
info.mode.header;;In-app text. English is 5 characters. Try to stay close to that.;Order;Volgorde;;;;;;;;;;;;;;;;;;;;;;;;;;;;;;;;;;;;;;;;;;;;;;;;;;;;;;;;;;;;;;;;;;;;;;;;;;;
info.mode.mixed;;In-app text. English is 23 characters. Try to stay close to that.;Mixed with lower levels;Gemengd met lagere niveaus;;;;;;;;;;;;;;;;;;;;;;;;;;;;;;;;;;;;;;;;;;;;;;;;;;;;;;;;;;;;;;;;;;;;;;;;;;;
info.mode.order;;In-app text. English is 11 characters. Try to stay close to that.;Fixed order;Vaste volgorde;;;;;;;;;;;;;;;;;;;;;;;;;;;;;;;;;;;;;;;;;;;;;;;;;;;;;;;;;;;;;;;;;;;;;;;;;;;
info.mode.percentages.decimal;;In-app text. English is 25 characters. Try to stay close to that.;Including decimal numbers;Ook getallen achter de komma;;;;;;;;;;;;;;;;;;;;;;;;;;;;;;;;;;;;;;;;;;;;;;;;;;;;;;;;;;;;;;;;;;;;;;;;;;;
info.mode.percentages.header;;In-app text. English is 4 characters. Try to stay close to that.;Type;Soort;;;;;;;;;;;;;;;;;;;;;;;;;;;;;;;;;;;;;;;;;;;;;;;;;;;;;;;;;;;;;;;;;;;;;;;;;;;
info.mode.percentages.whole;;In-app text. English is 23 characters. Try to stay close to that.;Without decimal numbers;Zonder getallen achter de komma;;;;;;;;;;;;;;;;;;;;;;;;;;;;;;;;;;;;;;;;;;;;;;;;;;;;;;;;;;;;;;;;;;;;;;;;;;;
info.mode.random;;In-app text. English is 12 characters. Try to stay close to that.;Random order;Willekeurige volgorde;;;;;;;;;;;;;;;;;;;;;;;;;;;;;;;;;;;;;;;;;;;;;;;;;;;;;;;;;;;;;;;;;;;;;;;;;;;
info.super.all;;In-app text. English is 64 characters. Try to stay close to that.;Addition, subtraction, multiplication, division, and percentages;Optellen, aftrekken, vermenigvuldigen, delen en percentages;;;;;;;;;;;;;;;;;;;;;;;;;;;;;;;;;;;;;;;;;;;;;;;;;;;;;;;;;;;;;;;;;;;;;;;;;;;
info.super.basic;;In-app text. English is 24 characters. Try to stay close to that.;Addition and subtraction;Optellen en aftrekken;;;;;;;;;;;;;;;;;;;;;;;;;;;;;;;;;;;;;;;;;;;;;;;;;;;;;;;;;;;;;;;;;;;;;;;;;;;
info.super.fraction;;In-app text. English is 51 characters. Try to stay close to that.;Addition, subtraction, multiplication, and division;Optellen, aftrekken, vermenigvuldigen en delen;;;;;;;;;;;;;;;;;;;;;;;;;;;;;;;;;;;;;;;;;;;;;;;;;;;;;;;;;;;;;;;;;;;;;;;;;;;
info.super.times;;In-app text. English is 41 characters. Try to stay close to that.;Addition, subtraction, and multiplication;Optellen, aftrekken en vermenigvuldigen;;;;;;;;;;;;;;;;;;;;;;;;;;;;;;;;;;;;;;;;;;;;;;;;;;;;;;;;;;;;;;;;;;;;;;;;;;;
language.select;;In-app text. English is 15 characters. Try to stay close to that.;Choose language;Kies taal;;;;;;;;;;;;;;;;;;;;;;;;;;;;;;;;;;;;;;;;;;;;;;;;;;;;;;;;;;;;;;;;;;;;;;;;;;;
lives.three;;In-app text. English is 7 characters. Try to stay close to that.;3 lives;3 levens;;;;;;;;;;;;;;;;;;;;;;;;;;;;;;;;;;;;;;;;;;;;;;;;;;;;;;;;;;;;;;;;;;;;;;;;;;;
lives.unlimited;;In-app text. English is 9 characters. Try to stay close to that.;Unlimited;Oneindig;;;;;;;;;;;;;;;;;;;;;;;;;;;;;;;;;;;;;;;;;;;;;;;;;;;;;;;;;;;;;;;;;;;;;;;;;;;
menu.accessibility.character;;VoiceOver label (not shown on screen). Favour clarity over brevity. English is 9 characters. Try to stay close to that.;Character;Personage;;;;;;;;;;;;;;;;;;;;;;;;;;;;;;;;;;;;;;;;;;;;;;;;;;;;;;;;;;;;;;;;;;;;;;;;;;;
menu.accessibility.characterHint;;VoiceOver label (not shown on screen). Favour clarity over brevity. English is 97 characters. Try to stay close to that.;"Tap to change your character; press and hold for two seconds to start over at the welcome screen.";"Tik om je personage te wijzigen; houd twee seconden ingedrukt om opnieuw te beginnen bij het welkomscherm";;;;;;;;;;;;;;;;;;;;;;;;;;;;;;;;;;;;;;;;;;;;;;;;;;;;;;;;;;;;;;;;;;;;;;;;;;;
menu.accessibility.chooseMode %@;;"VoiceOver label (not shown on screen). Favour clarity over brevity. Keep the placeholders exactly (%@); the app fills them with numbers/text at runtime. You may reorder them to fit natural word order. English is 9 characters. Try to stay close to that.";Choose %@;Kies %@;;;;;;;;;;;;;;;;;;;;;;;;;;;;;;;;;;;;;;;;;;;;;;;;;;;;;;;;;;;;;;;;;;;;;;;;;;;
menu.maxScore;;Menu item. Keep it short. English is 6 characters. Try to stay close to that.;30 MAX;30 MAX;;;;;;;;;;;;;;;;;;;;;;;;;;;;;;;;;;;;;;;;;;;;;;;;;;;;;;;;;;;;;;;;;;;;;;;;;;;
menu.maximumCount;;Menu item. Keep it short. English is 3 characters. Try to stay close to that.;MAX;MAX;;;;;;;;;;;;;;;;;;;;;;;;;;;;;;;;;;;;;;;;;;;;;;;;;;;;;;;;;;;;;;;;;;;;;;;;;;;
menu.maximumCount.accessibility %lld;;"VoiceOver label (not shown on screen). Favour clarity over brevity. Keep the placeholders exactly (%lld); the app fills them with numbers/text at runtime. You may reorder them to fit natural word order. English is 26 characters. Try to stay close to that.";Maximum reached %lld times;Maximum %lld keer behaald;;;;;;;;;;;;;;;;;;;;;;;;;;;;;;;;;;;;;;;;;;;;;;;;;;;;;;;;;;;;;;;;;;;;;;;;;;;
menu.moreLevels;;Menu item. Keep it short. English is 11 characters. Try to stay close to that.;More levels;Meer levels;;;;;;;;;;;;;;;;;;;;;;;;;;;;;;;;;;;;;;;;;;;;;;;;;;;;;;;;;;;;;;;;;;;;;;;;;;;
menu.options;;Menu item. Keep it short. English is 12 characters. Try to stay close to that.;Game options;Spelopties;;;;;;;;;;;;;;;;;;;;;;;;;;;;;;;;;;;;;;;;;;;;;;;;;;;;;;;;;;;;;;;;;;;;;;;;;;;
menu.premium;;Menu item. Keep it short. English is 7 characters. Try to stay close to that.;Premium;Premium;;;;;;;;;;;;;;;;;;;;;;;;;;;;;;;;;;;;;;;;;;;;;;;;;;;;;;;;;;;;;;;;;;;;;;;;;;;
menu.premiumTables;;Menu item. Keep it short. English is 14 characters. Try to stay close to that.;Premium tables;Premium-tafels;;;;;;;;;;;;;;;;;;;;;;;;;;;;;;;;;;;;;;;;;;;;;;;;;;;;;;;;;;;;;;;;;;;;;;;;;;;
menu.startHere;;Menu item. Keep it short. English is 10 characters. Try to stay close to that.;Start here;Start hier;;;;;;;;;;;;;;;;;;;;;;;;;;;;;;;;;;;;;;;;;;;;;;;;;;;;;;;;;;;;;;;;;;;;;;;;;;;
menu.trophies %lld;one;"Menu item. Keep it short. Keep the placeholders exactly (%lld); the app fills them with numbers/text at runtime. You may reorder them to fit natural word order. English is 11 characters. Try to stay close to that.";%lld trophy;%lld trofee;;;;;;;;;;;;;;;;;;;;;;;;;;;;;;;;;;;;;;;;;;;;;;;;;;;;;;;;;;;;;;;;;;;;;;;;;;;
menu.trophies %lld;other;"Menu item. Keep it short. Keep the placeholders exactly (%lld); the app fills them with numbers/text at runtime. You may reorder them to fit natural word order. English is 13 characters. Try to stay close to that.";%lld trophies;%lld trofeeën;;;;;;;;;;;;;;;;;;;;;;;;;;;;;;;;;;;;;;;;;;;;;;;;;;;;;;;;;;;;;;;;;;;;;;;;;;;
menu.unlockWithPremium;;Menu item. Keep it short. English is 24 characters. Try to stay close to that.;Unlock more with Premium;Ontgrendel meer met Premium;;;;;;;;;;;;;;;;;;;;;;;;;;;;;;;;;;;;;;;;;;;;;;;;;;;;;;;;;;;;;;;;;;;;;;;;;;;
mode.fractions.multiple;;In-app text. English is 8 characters. Try to stay close to that.;Multiple;Meerdere;;;;;;;;;;;;;;;;;;;;;;;;;;;;;;;;;;;;;;;;;;;;;;;;;;;;;;;;;;;;;;;;;;;;;;;;;;;
mode.fractions.single;;In-app text. English is 6 characters. Try to stay close to that.;Single;Eén deel;;;;;;;;;;;;;;;;;;;;;;;;;;;;;;;;;;;;;;;;;;;;;;;;;;;;;;;;;;;;;;;;;;;;;;;;;;;
mode.mix;;In-app text. English is 3 characters. Try to stay close to that.;Mix;Mix;;;;;;;;;;;;;;;;;;;;;;;;;;;;;;;;;;;;;;;;;;;;;;;;;;;;;;;;;;;;;;;;;;;;;;;;;;;
mode.mixed;;In-app text. English is 5 characters. Try to stay close to that.;Mixed;Gemixt;;;;;;;;;;;;;;;;;;;;;;;;;;;;;;;;;;;;;;;;;;;;;;;;;;;;;;;;;;;;;;;;;;;;;;;;;;;
mode.order;;In-app text. English is 5 characters. Try to stay close to that.;Order;Reeks;;;;;;;;;;;;;;;;;;;;;;;;;;;;;;;;;;;;;;;;;;;;;;;;;;;;;;;;;;;;;;;;;;;;;;;;;;;
mode.percentages.decimal;;In-app text. English is 7 characters. Try to stay close to that.;Decimal;Komma;;;;;;;;;;;;;;;;;;;;;;;;;;;;;;;;;;;;;;;;;;;;;;;;;;;;;;;;;;;;;;;;;;;;;;;;;;;
mode.percentages.whole;;In-app text. English is 5 characters. Try to stay close to that.;Whole;Heel;;;;;;;;;;;;;;;;;;;;;;;;;;;;;;;;;;;;;;;;;;;;;;;;;;;;;;;;;;;;;;;;;;;;;;;;;;;
mode.random;;In-app text. English is 6 characters. Try to stay close to that.;Random;Hussel;;;;;;;;;;;;;;;;;;;;;;;;;;;;;;;;;;;;;;;;;;;;;;;;;;;;;;;;;;;;;;;;;;;;;;;;;;;
mode.standard;;In-app text. English is 8 characters. Try to stay close to that.;Standard;Standaard;;;;;;;;;;;;;;;;;;;;;;;;;;;;;;;;;;;;;;;;;;;;;;;;;;;;;;;;;;;;;;;;;;;;;;;;;;;
modeIntro.addition.intro;;Short bullet on the pre-game card. Keep it concise. |pipes| mark bold text (1 pair(s) here). Wrap the matching word(s) in your language in |pipes|, do not translate the pipes away. English is 33 characters. Try to stay close to that.;You only get |addition| problems.;Je krijgt alleen sommen met |optellen|.;;;;;;;;;;;;;;;;;;;;;;;;;;;;;;;;;;;;;;;;;;;;;;;;;;;;;;;;;;;;;;;;;;;;;;;;;;;
modeIntro.addition.mixed %lld;;"Short bullet on the pre-game card. Keep it concise. Keep the placeholders exactly (%lld); the app fills them with numbers/text at runtime. You may reorder them to fit natural word order. |pipes| mark bold text (1 pair(s) here). Wrap the matching word(s) in your language in |pipes|, do not translate the pipes away. English is 41 characters. Try to stay close to that.";You add %lld |or less| to another number.;Je telt steeds %lld |of lager| op bij een ander getal.;;;;;;;;;;;;;;;;;;;;;;;;;;;;;;;;;;;;;;;;;;;;;;;;;;;;;;;;;;;;;;;;;;;;;;;;;;;
modeIntro.addition.order %lld;;"Short bullet on the pre-game card. Keep it concise. Keep the placeholders exactly (%lld); the app fills them with numbers/text at runtime. You may reorder them to fit natural word order. |pipes| mark bold text (1 pair(s) here). Wrap the matching word(s) in your language in |pipes|, do not translate the pipes away. English is 41 characters. Try to stay close to that.";You always add %lld in |ascending order|.;Je telt steeds %lld op in |oplopende volgorde|.;;;;;;;;;;;;;;;;;;;;;;;;;;;;;;;;;;;;;;;;;;;;;;;;;;;;;;;;;;;;;;;;;;;;;;;;;;;
modeIntro.addition.random %lld;;"Short bullet on the pre-game card. Keep it concise. Keep the placeholders exactly (%lld); the app fills them with numbers/text at runtime. You may reorder them to fit natural word order. |pipes| mark bold text (1 pair(s) here). Wrap the matching word(s) in your language in |pipes|, do not translate the pipes away. English is 41 characters. Try to stay close to that.";You always add %lld to a |random number|.;Je telt steeds %lld op bij een |willekeurig getal|.;;;;;;;;;;;;;;;;;;;;;;;;;;;;;;;;;;;;;;;;;;;;;;;;;;;;;;;;;;;;;;;;;;;;;;;;;;;
modeIntro.addition.title %lld;;"Heading. Short and punchy. Keep the placeholders exactly (%lld); the app fills them with numbers/text at runtime. You may reorder them to fit natural word order. English is 15 characters. Try to stay close to that.";Addition · %lld;Optellen · %lld;;;;;;;;;;;;;;;;;;;;;;;;;;;;;;;;;;;;;;;;;;;;;;;;;;;;;;;;;;;;;;;;;;;;;;;;;;;
modeIntro.additionMix.b1;;Short bullet on the pre-game card. Keep it concise. English is 33 characters. Try to stay close to that.;Keep adding two numbers together.;Tel steeds twee getallen bij elkaar op.;;;;;;;;;;;;;;;;;;;;;;;;;;;;;;;;;;;;;;;;;;;;;;;;;;;;;;;;;;;;;;;;;;;;;;;;;;;
modeIntro.additionMix.b2 %lld;;"Short bullet on the pre-game card. Keep it concise. Keep the placeholders exactly (%lld); the app fills them with numbers/text at runtime. You may reorder them to fit natural word order. English is 27 characters. Try to stay close to that.";The answer is at most %lld.;De uitkomst is maximaal %lld.;;;;;;;;;;;;;;;;;;;;;;;;;;;;;;;;;;;;;;;;;;;;;;;;;;;;;;;;;;;;;;;;;;;;;;;;;;;
modeIntro.additionMix.title %lld;;"Heading. Short and punchy. Keep the placeholders exactly (%lld); the app fills them with numbers/text at runtime. You may reorder them to fit natural word order. English is 14 characters. Try to stay close to that.";Add up to %lld;Optellen tot %lld;;;;;;;;;;;;;;;;;;;;;;;;;;;;;;;;;;;;;;;;;;;;;;;;;;;;;;;;;;;;;;;;;;;;;;;;;;;
modeIntro.fractions.intro;;Short bullet on the pre-game card. Keep it concise. |pipes| mark bold text (1 pair(s) here). Wrap the matching word(s) in your language in |pipes|, do not translate the pipes away. English is 33 characters. Try to stay close to that.;You only get |fraction| problems.;Je krijgt alleen sommen met |breuken|.;;;;;;;;;;;;;;;;;;;;;;;;;;;;;;;;;;;;;;;;;;;;;;;;;;;;;;;;;;;;;;;;;;;;;;;;;;;
modeIntro.fractions.mixed;;Short bullet on the pre-game card. Keep it concise. |pipes| mark bold text (1 pair(s) here). Wrap the matching word(s) in your language in |pipes|, do not translate the pipes away. English is 55 characters. Try to stay close to that.;You get fractions from this level and |earlier levels|.;Je krijgt breuken uit dit level en |eerdere levels|.;;;;;;;;;;;;;;;;;;;;;;;;;;;;;;;;;;;;;;;;;;;;;;;;;;;;;;;;;;;;;;;;;;;;;;;;;;;
modeIntro.fractions.order %lld;;"Short bullet on the pre-game card. Keep it concise. Keep the placeholders exactly (%lld); the app fills them with numbers/text at runtime. You may reorder them to fit natural word order. |pipes| mark bold text (1 pair(s) here). Wrap the matching word(s) in your language in |pipes|, do not translate the pipes away. English is 49 characters. Try to stay close to that.";You always take |1 part| out of %lld equal parts.;Je neemt steeds |1 deel| van %lld gelijke delen.;;;;;;;;;;;;;;;;;;;;;;;;;;;;;;;;;;;;;;;;;;;;;;;;;;;;;;;;;;;;;;;;;;;;;;;;;;;
modeIntro.fractions.premium.b1 %lld;;"Short bullet on the pre-game card. Keep it concise. Keep the placeholders exactly (%lld); the app fills them with numbers/text at runtime. You may reorder them to fit natural word order. English is 66 characters. Try to stay close to that.";Work out fractions of round numbers from %lld and previous levels.;Bereken breuken van ronde getallen uit level %lld en eerdere levels.;;;;;;;;;;;;;;;;;;;;;;;;;;;;;;;;;;;;;;;;;;;;;;;;;;;;;;;;;;;;;;;;;;;;;;;;;;;
modeIntro.fractions.premium.b2;;Short bullet on the pre-game card. Keep it concise. English is 56 characters. Try to stay close to that.;The numbers stay round, so the answers are always whole.;De getallen blijven rond, dus de antwoorden zijn altijd heel.;;;;;;;;;;;;;;;;;;;;;;;;;;;;;;;;;;;;;;;;;;;;;;;;;;;;;;;;;;;;;;;;;;;;;;;;;;;
modeIntro.fractions.premium.title %lld;;"Heading. Short and punchy. Keep the placeholders exactly (%lld); the app fills them with numbers/text at runtime. You may reorder them to fit natural word order. English is 17 characters. Try to stay close to that.";Fractions to %lld;Breuken tot %lld;;;;;;;;;;;;;;;;;;;;;;;;;;;;;;;;;;;;;;;;;;;;;;;;;;;;;;;;;;;;;;;;;;;;;;;;;;;
modeIntro.fractions.random %lld;;"Short bullet on the pre-game card. Keep it concise. Keep the placeholders exactly (%lld); the app fills them with numbers/text at runtime. You may reorder them to fit natural word order. |pipes| mark bold text (1 pair(s) here). Wrap the matching word(s) in your language in |pipes|, do not translate the pipes away. English is 53 characters. Try to stay close to that.";You take |one or more parts| out of %lld equal parts.;Je neemt steeds |één of meerdere delen| van %lld gelijke delen.;;;;;;;;;;;;;;;;;;;;;;;;;;;;;;;;;;;;;;;;;;;;;;;;;;;;;;;;;;;;;;;;;;;;;;;;;;;
modeIntro.fractions.title %lld;;"Heading. Short and punchy. Keep the placeholders exactly (%lld); the app fills them with numbers/text at runtime. You may reorder them to fit natural word order. English is 16 characters. Try to stay close to that.";Fractions · %lld;Breuken · %lld;;;;;;;;;;;;;;;;;;;;;;;;;;;;;;;;;;;;;;;;;;;;;;;;;;;;;;;;;;;;;;;;;;;;;;;;;;;
modeIntro.fractionsMix.b1;;Short bullet on the pre-game card. Keep it concise. English is 52 characters. Try to stay close to that.;Work out a part of a whole and make fractions equal.;Reken een deel van een geheel uit en maak breuken gelijk.;;;;;;;;;;;;;;;;;;;;;;;;;;;;;;;;;;;;;;;;;;;;;;;;;;;;;;;;;;;;;;;;;;;;;;;;;;;
modeIntro.fractionsMix.b2;;Short bullet on the pre-game card. Keep it concise. English is 53 characters. Try to stay close to that.;Add and subtract fractions with the same denominator.;Tel breuken met dezelfde noemer op en trek ze van elkaar af.;;;;;;;;;;;;;;;;;;;;;;;;;;;;;;;;;;;;;;;;;;;;;;;;;;;;;;;;;;;;;;;;;;;;;;;;;;;
modeIntro.fractionsMix.title;;Heading. Short and punchy. English is 15 characters. Try to stay close to that.;Fractions mixed;Breuken door elkaar;;;;;;;;;;;;;;;;;;;;;;;;;;;;;;;;;;;;;;;;;;;;;;;;;;;;;;;;;;;;;;;;;;;;;;;;;;;
modeIntro.percentages.intro;;Short bullet on the pre-game card. Keep it concise. |pipes| mark bold text (1 pair(s) here). Wrap the matching word(s) in your language in |pipes|, do not translate the pipes away. English is 35 characters. Try to stay close to that.;You only get |percentage| problems.;Je krijgt alleen sommen met |percentages|.;;;;;;;;;;;;;;;;;;;;;;;;;;;;;;;;;;;;;;;;;;;;;;;;;;;;;;;;;;;;;;;;;;;;;;;;;;;
modeIntro.percentages.mixed;;Short bullet on the pre-game card. Keep it concise. |pipes| mark bold text (1 pair(s) here). Wrap the matching word(s) in your language in |pipes|, do not translate the pipes away. English is 57 characters. Try to stay close to that.;You get percentages from this level and |earlier levels|.;Je krijgt percentages uit dit level en |eerdere levels|.;;;;;;;;;;;;;;;;;;;;;;;;;;;;;;;;;;;;;;;;;;;;;;;;;;;;;;;;;;;;;;;;;;;;;;;;;;;
modeIntro.percentages.order %@;;"Short bullet on the pre-game card. Keep it concise. Keep the placeholders exactly (%@); the app fills them with numbers/text at runtime. You may reorder them to fit natural word order. |pipes| mark bold text (1 pair(s) here). Wrap the matching word(s) in your language in |pipes|, do not translate the pipes away. English is 60 characters. Try to stay close to that.";You always calculate %@, and the answer is a |whole number|.;Je neemt steeds %@ en de uitkomst is een |heel getal|.;;;;;;;;;;;;;;;;;;;;;;;;;;;;;;;;;;;;;;;;;;;;;;;;;;;;;;;;;;;;;;;;;;;;;;;;;;;
modeIntro.percentages.premium.b1 %lld;;"Short bullet on the pre-game card. Keep it concise. Keep the placeholders exactly (%lld); the app fills them with numbers/text at runtime. You may reorder them to fit natural word order. English is 49 characters. Try to stay close to that.";Work out percentages of round numbers up to %lld.;Bereken percentages van ronde getallen tot %lld.;;;;;;;;;;;;;;;;;;;;;;;;;;;;;;;;;;;;;;;;;;;;;;;;;;;;;;;;;;;;;;;;;;;;;;;;;;;
modeIntro.percentages.premium.b2;;Short bullet on the pre-game card. Keep it concise. English is 56 characters. Try to stay close to that.;The amounts stay round, so the answers are always whole.;De bedragen blijven rond, dus de antwoorden zijn altijd heel.;;;;;;;;;;;;;;;;;;;;;;;;;;;;;;;;;;;;;;;;;;;;;;;;;;;;;;;;;;;;;;;;;;;;;;;;;;;
modeIntro.percentages.premium.title %lld;;"Heading. Short and punchy. Keep the placeholders exactly (%lld); the app fills them with numbers/text at runtime. You may reorder them to fit natural word order. English is 19 characters. Try to stay close to that.";Percentages to %lld;Procenten tot %lld;;;;;;;;;;;;;;;;;;;;;;;;;;;;;;;;;;;;;;;;;;;;;;;;;;;;;;;;;;;;;;;;;;;;;;;;;;;
modeIntro.percentages.random %@;;"Short bullet on the pre-game card. Keep it concise. Keep the placeholders exactly (%@); the app fills them with numbers/text at runtime. You may reorder them to fit natural word order. |pipes| mark bold text (1 pair(s) here). Wrap the matching word(s) in your language in |pipes|, do not translate the pipes away. English is 64 characters. Try to stay close to that.";You always calculate %@, and the answer can also be a |decimal|.;Je neemt steeds %@ en de uitkomst kan ook een |kommagetal| zijn.;;;;;;;;;;;;;;;;;;;;;;;;;;;;;;;;;;;;;;;;;;;;;;;;;;;;;;;;;;;;;;;;;;;;;;;;;;;
modeIntro.percentages.title %@;;"Heading. Short and punchy. Keep the placeholders exactly (%@); the app fills them with numbers/text at runtime. You may reorder them to fit natural word order. English is 12 characters. Try to stay close to that.";Calculate %@;%@ rekenen;;;;;;;;;;;;;;;;;;;;;;;;;;;;;;;;;;;;;;;;;;;;;;;;;;;;;;;;;;;;;;;;;;;;;;;;;;;
modeIntro.percentagesMix.b1;;Short bullet on the pre-game card. Keep it concise. English is 34 characters. Try to stay close to that.;Work out a percentage of a number.;Reken een percentage van een getal uit.;;;;;;;;;;;;;;;;;;;;;;;;;;;;;;;;;;;;;;;;;;;;;;;;;;;;;;;;;;;;;;;;;;;;;;;;;;;
modeIntro.percentagesMix.b2;;Short bullet on the pre-game card. Keep it concise. English is 42 characters. Try to stay close to that.;Convert between percentages and fractions.;Zet percentages en breuken in elkaar om.;;;;;;;;;;;;;;;;;;;;;;;;;;;;;;;;;;;;;;;;;;;;;;;;;;;;;;;;;;;;;;;;;;;;;;;;;;;
modeIntro.percentagesMix.title;;Heading. Short and punchy. English is 17 characters. Try to stay close to that.;Percentages mixed;Procenten door elkaar;;;;;;;;;;;;;;;;;;;;;;;;;;;;;;;;;;;;;;;;;;;;;;;;;;;;;;;;;;;;;;;;;;;;;;;;;;;
modeIntro.subtraction.intro;;Short bullet on the pre-game card. Keep it concise. |pipes| mark bold text (1 pair(s) here). Wrap the matching word(s) in your language in |pipes|, do not translate the pipes away. English is 36 characters. Try to stay close to that.;You only get |subtraction| problems.;Je krijgt alleen sommen met |aftrekken|.;;;;;;;;;;;;;;;;;;;;;;;;;;;;;;;;;;;;;;;;;;;;;;;;;;;;;;;;;;;;;;;;;;;;;;;;;;;
modeIntro.subtraction.mixed %lld;;"Short bullet on the pre-game card. Keep it concise. Keep the placeholders exactly (%lld); the app fills them with numbers/text at runtime. You may reorder them to fit natural word order. |pipes| mark bold text (1 pair(s) here). Wrap the matching word(s) in your language in |pipes|, do not translate the pipes away. English is 48 characters. Try to stay close to that.";You subtract %lld |or less| from another number.;Je trekt steeds %lld |of lager| af van een ander getal.;;;;;;;;;;;;;;;;;;;;;;;;;;;;;;;;;;;;;;;;;;;;;;;;;;;;;;;;;;;;;;;;;;;;;;;;;;;
modeIntro.subtraction.order %lld;;"Short bullet on the pre-game card. Keep it concise. Keep the placeholders exactly (%lld); the app fills them with numbers/text at runtime. You may reorder them to fit natural word order. |pipes| mark bold text (1 pair(s) here). Wrap the matching word(s) in your language in |pipes|, do not translate the pipes away. English is 47 characters. Try to stay close to that.";You always subtract %lld in |descending order|.;Je trekt steeds %lld af in |aflopende volgorde|.;;;;;;;;;;;;;;;;;;;;;;;;;;;;;;;;;;;;;;;;;;;;;;;;;;;;;;;;;;;;;;;;;;;;;;;;;;;
modeIntro.subtraction.random %lld;;"Short bullet on the pre-game card. Keep it concise. Keep the placeholders exactly (%lld); the app fills them with numbers/text at runtime. You may reorder them to fit natural word order. |pipes| mark bold text (1 pair(s) here). Wrap the matching word(s) in your language in |pipes|, do not translate the pipes away. English is 48 characters. Try to stay close to that.";You always subtract %lld from a |random number|.;Je trekt steeds %lld af van een |willekeurig getal|.;;;;;;;;;;;;;;;;;;;;;;;;;;;;;;;;;;;;;;;;;;;;;;;;;;;;;;;;;;;;;;;;;;;;;;;;;;;
modeIntro.subtraction.title %lld;;"Heading. Short and punchy. Keep the placeholders exactly (%lld); the app fills them with numbers/text at runtime. You may reorder them to fit natural word order. English is 18 characters. Try to stay close to that.";Subtraction · %lld;Aftrekken · %lld;;;;;;;;;;;;;;;;;;;;;;;;;;;;;;;;;;;;;;;;;;;;;;;;;;;;;;;;;;;;;;;;;;;;;;;;;;;
modeIntro.subtractionMix.b2 %lld;;"Short bullet on the pre-game card. Keep it concise. Keep the placeholders exactly (%lld); the app fills them with numbers/text at runtime. You may reorder them to fit natural word order. English is 33 characters. Try to stay close to that.";The first number is at most %lld.;Het eerste getal is maximaal %lld.;;;;;;;;;;;;;;;;;;;;;;;;;;;;;;;;;;;;;;;;;;;;;;;;;;;;;;;;;;;;;;;;;;;;;;;;;;;
modeIntro.subtractionMix.belowZero.b2;;Short bullet on the pre-game card. Keep it concise. English is 29 characters. Try to stay close to that.;The answer may go below zero.;De uitkomst mag onder nul komen.;;;;;;;;;;;;;;;;;;;;;;;;;;;;;;;;;;;;;;;;;;;;;;;;;;;;;;;;;;;;;;;;;;;;;;;;;;;
modeIntro.subtractionMix.belowZero.title;;Heading. Short and punchy. English is 10 characters. Try to stay close to that.;Below zero;Onder nul;;;;;;;;;;;;;;;;;;;;;;;;;;;;;;;;;;;;;;;;;;;;;;;;;;;;;;;;;;;;;;;;;;;;;;;;;;;
modeIntro.subtractionMix.title %lld;;"Heading. Short and punchy. Keep the placeholders exactly (%lld); the app fills them with numbers/text at runtime. You may reorder them to fit natural word order. English is 19 characters. Try to stay close to that.";Subtract up to %lld;Aftrekken tot %lld;;;;;;;;;;;;;;;;;;;;;;;;;;;;;;;;;;;;;;;;;;;;;;;;;;;;;;;;;;;;;;;;;;;;;;;;;;;
modeIntro.subtractionMix.twoNumbers;;Short bullet on the pre-game card. Keep it concise. English is 29 characters. Try to stay close to that.;Keep subtracting two numbers.;Trek steeds twee getallen van elkaar af.;;;;;;;;;;;;;;;;;;;;;;;;;;;;;;;;;;;;;;;;;;;;;;;;;;;;;;;;;;;;;;;;;;;;;;;;;;;
modeIntro.super.b2 %lld;;"Short bullet on the pre-game card. Keep it concise. Keep the placeholders exactly (%lld); the app fills them with numbers/text at runtime. You may reorder them to fit natural word order. |pipes| mark bold text (1 pair(s) here). Wrap the matching word(s) in your language in |pipes|, do not translate the pipes away. English is 74 characters. Try to stay close to that.";The difficulty can increase up to |level %lld| for each selected category.;De moeilijkheid kan oplopen tot |level %lld| van elk geselecteerd onderdeel.;;;;;;;;;;;;;;;;;;;;;;;;;;;;;;;;;;;;;;;;;;;;;;;;;;;;;;;;;;;;;;;;;;;;;;;;;;;
modeIntro.superAll.b1;;Short bullet on the pre-game card. Keep it concise. English is 77 characters. Try to stay close to that.;Practice adding, subtracting, tables, fractions and percentages all mixed up.;Oefen optellen, aftrekken, tafels, breuken en procenten door elkaar.;;;;;;;;;;;;;;;;;;;;;;;;;;;;;;;;;;;;;;;;;;;;;;;;;;;;;;;;;;;;;;;;;;;;;;;;;;;
modeIntro.superAll.title %lld;;"Heading. Short and punchy. Keep the placeholders exactly (%lld); the app fills them with numbers/text at runtime. You may reorder them to fit natural word order. English is 13 characters. Try to stay close to that.";Supermix %lld;Supermix %lld;;;;;;;;;;;;;;;;;;;;;;;;;;;;;;;;;;;;;;;;;;;;;;;;;;;;;;;;;;;;;;;;;;;;;;;;;;;
modeIntro.superBasic.b1;;Short bullet on the pre-game card. Keep it concise. English is 45 characters. Try to stay close to that.;Practice adding and subtracting all mixed up.;Oefen optellen en aftrekken door elkaar.;;;;;;;;;;;;;;;;;;;;;;;;;;;;;;;;;;;;;;;;;;;;;;;;;;;;;;;;;;;;;;;;;;;;;;;;;;;
modeIntro.superBasic.title %lld;;"Heading. Short and punchy. Keep the placeholders exactly (%lld); the app fills them with numbers/text at runtime. You may reorder them to fit natural word order. English is 13 characters. Try to stay close to that.";Supermix %lld;Supermix %lld;;;;;;;;;;;;;;;;;;;;;;;;;;;;;;;;;;;;;;;;;;;;;;;;;;;;;;;;;;;;;;;;;;;;;;;;;;;
modeIntro.superFraction.b1;;Short bullet on the pre-game card. Keep it concise. English is 64 characters. Try to stay close to that.;Practice adding, subtracting, tables and fractions all mixed up.;Oefen optellen, aftrekken, tafels en breuken door elkaar.;;;;;;;;;;;;;;;;;;;;;;;;;;;;;;;;;;;;;;;;;;;;;;;;;;;;;;;;;;;;;;;;;;;;;;;;;;;
modeIntro.superFraction.title %lld;;"Heading. Short and punchy. Keep the placeholders exactly (%lld); the app fills them with numbers/text at runtime. You may reorder them to fit natural word order. English is 13 characters. Try to stay close to that.";Supermix %lld;Supermix %lld;;;;;;;;;;;;;;;;;;;;;;;;;;;;;;;;;;;;;;;;;;;;;;;;;;;;;;;;;;;;;;;;;;;;;;;;;;;
modeIntro.superTimes.b1;;Short bullet on the pre-game card. Keep it concise. English is 53 characters. Try to stay close to that.;Practice adding, subtracting and tables all mixed up.;Oefen optellen, aftrekken en tafels door elkaar.;;;;;;;;;;;;;;;;;;;;;;;;;;;;;;;;;;;;;;;;;;;;;;;;;;;;;;;;;;;;;;;;;;;;;;;;;;;
modeIntro.superTimes.title %lld;;"Heading. Short and punchy. Keep the placeholders exactly (%lld); the app fills them with numbers/text at runtime. You may reorder them to fit natural word order. English is 13 characters. Try to stay close to that.";Supermix %lld;Supermix %lld;;;;;;;;;;;;;;;;;;;;;;;;;;;;;;;;;;;;;;;;;;;;;;;;;;;;;;;;;;;;;;;;;;;;;;;;;;;
modeIntro.tables.intro;;Short bullet on the pre-game card. Keep it concise. |pipes| mark bold text (1 pair(s) here). Wrap the matching word(s) in your language in |pipes|, do not translate the pipes away. English is 39 characters. Try to stay close to that.;You only get |multiplication| problems.;Je krijgt alleen sommen met |vermenigvuldigen|.;;;;;;;;;;;;;;;;;;;;;;;;;;;;;;;;;;;;;;;;;;;;;;;;;;;;;;;;;;;;;;;;;;;;;;;;;;;
modeIntro.tables.mixed %lld;;"Short bullet on the pre-game card. Keep it concise. Keep the placeholders exactly (%lld); the app fills them with numbers/text at runtime. You may reorder them to fit natural word order. |pipes| mark bold text (1 pair(s) here). Wrap the matching word(s) in your language in |pipes|, do not translate the pipes away. English is 53 characters. Try to stay close to that.";You get all times tables |up to %lld| mixed together.;Je krijgt alle tafels |tot en met %lld| door elkaar.;;;;;;;;;;;;;;;;;;;;;;;;;;;;;;;;;;;;;;;;;;;;;;;;;;;;;;;;;;;;;;;;;;;;;;;;;;;
modeIntro.tables.multiplyBy;;Short bullet on the pre-game card. Keep it concise. |pipes| mark bold text (1 pair(s) here). Wrap the matching word(s) in your language in |pipes|, do not translate the pipes away. English is 41 characters. Try to stay close to that.;Each table times a number from |1 to 12|.;Elke tafel keer een getal van |1 tot 12|.;;;;;;;;;;;;;;;;;;;;;;;;;;;;;;;;;;;;;;;;;;;;;;;;;;;;;;;;;;;;;;;;;;;;;;;;;;;
modeIntro.tables.order %lld;;"Short bullet on the pre-game card. Keep it concise. Keep the placeholders exactly (%lld); the app fills them with numbers/text at runtime. You may reorder them to fit natural word order. |pipes| mark bold text (1 pair(s) here). Wrap the matching word(s) in your language in |pipes|, do not translate the pipes away. English is 50 characters. Try to stay close to that.";You get the %lld times table in |ascending order|.;Je krijgt de tafel van %lld in |oplopende volgorde|.;;;;;;;;;;;;;;;;;;;;;;;;;;;;;;;;;;;;;;;;;;;;;;;;;;;;;;;;;;;;;;;;;;;;;;;;;;;
modeIntro.tables.random %lld;;"Short bullet on the pre-game card. Keep it concise. Keep the placeholders exactly (%lld); the app fills them with numbers/text at runtime. You may reorder them to fit natural word order. |pipes| mark bold text (1 pair(s) here). Wrap the matching word(s) in your language in |pipes|, do not translate the pipes away. English is 47 characters. Try to stay close to that.";You get the %lld times table in |random order|.;Je krijgt de tafel van %lld in |willekeurige volgorde|.;;;;;;;;;;;;;;;;;;;;;;;;;;;;;;;;;;;;;;;;;;;;;;;;;;;;;;;;;;;;;;;;;;;;;;;;;;;
modeIntro.tables.title %lld;;"Heading. Short and punchy. Keep the placeholders exactly (%lld); the app fills them with numbers/text at runtime. You may reorder them to fit natural word order. English is 13 characters. Try to stay close to that.";Table of %lld;Tafel van %lld;;;;;;;;;;;;;;;;;;;;;;;;;;;;;;;;;;;;;;;;;;;;;;;;;;;;;;;;;;;;;;;;;;;;;;;;;;;
modeIntro.tablesMix.b1 %lld %lld;;"Short bullet on the pre-game card. Keep it concise. Keep the placeholders exactly (%lld); the app fills them with numbers/text at runtime. You may reorder them to fit natural word order. English is 47 characters. Try to stay close to that.";Practice the tables from %lld to %lld mixed up.;Oefen de tafels van %lld tot en met %lld door elkaar.;;;;;;;;;;;;;;;;;;;;;;;;;;;;;;;;;;;;;;;;;;;;;;;;;;;;;;;;;;;;;;;;;;;;;;;;;;;
modeIntro.tablesMix.title %lld %lld;;"Heading. Short and punchy. Keep the placeholders exactly (%lld); the app fills them with numbers/text at runtime. You may reorder them to fit natural word order. English is 16 characters. Try to stay close to that.";Tables %lld-%lld;Tafels %lld-%lld;;;;;;;;;;;;;;;;;;;;;;;;;;;;;;;;;;;;;;;;;;;;;;;;;;;;;;;;;;;;;;;;;;;;;;;;;;;
name.placeholder;;In-app text. English is 9 characters. Try to stay close to that.;Your name;Jouw naam;;;;;;;;;;;;;;;;;;;;;;;;;;;;;;;;;;;;;;;;;;;;;;;;;;;;;;;;;;;;;;;;;;;;;;;;;;;
name.whatsYourName;;In-app text. English is 17 characters. Try to stay close to that.;What's your name?;Hoe heet je?;;;;;;;;;;;;;;;;;;;;;;;;;;;;;;;;;;;;;;;;;;;;;;;;;;;;;;;;;;;;;;;;;;;;;;;;;;;
notif.animal.body %@;;"Push-notification body (one short sentence). Warm, encouraging and child-friendly; keep it short and keep any emoji exactly as-is. Keep the placeholders exactly (%@); the app fills them with numbers/text at runtime. You may reorder them to fit natural word order. English is 40 characters. Try to stay close to that.";Earn a few more trophies to unlock %@! 🐼;;;;;;;;;;;;;;;;;;;;;;;;;;;;;;;;;;;;;;;;;;;;;;;;;;;;;;;;;;;;;;;;;;;;;;;;;;;;
notif.animal.title %lld;;"Push-notification title (heading). Warm, encouraging and child-friendly; keep it short and keep any emoji exactly as-is. Keep the placeholders exactly (%lld); the app fills them with numbers/text at runtime. You may reorder them to fit natural word order. English is 27 characters. Try to stay close to that.";Only %lld trophies to go! 🏆;;;;;;;;;;;;;;;;;;;;;;;;;;;;;;;;;;;;;;;;;;;;;;;;;;;;;;;;;;;;;;;;;;;;;;;;;;;;
notif.comeback.body;;"Push-notification body (one short sentence). Warm, encouraging and child-friendly; keep it short and keep any emoji exactly as-is. English is 68 characters. Try to stay close to that.";Your animals are waiting. Jump back in and keep collecting trophies!;;;;;;;;;;;;;;;;;;;;;;;;;;;;;;;;;;;;;;;;;;;;;;;;;;;;;;;;;;;;;;;;;;;;;;;;;;;;
notif.comeback.title;;"Push-notification title (heading). Warm, encouraging and child-friendly; keep it short and keep any emoji exactly as-is. English is 14 characters. Try to stay close to that.";We miss you! 👋;;;;;;;;;;;;;;;;;;;;;;;;;;;;;;;;;;;;;;;;;;;;;;;;;;;;;;;;;;;;;;;;;;;;;;;;;;;;
notif.day3.body %lld;;"Push-notification body (one short sentence). Warm, encouraging and child-friendly; keep it short and keep any emoji exactly as-is. Keep the placeholders exactly (%lld); the app fills them with numbers/text at runtime. You may reorder them to fit natural word order. English is 49 characters. Try to stay close to that.";Start a %lld-minute session and grow your streak.;;;;;;;;;;;;;;;;;;;;;;;;;;;;;;;;;;;;;;;;;;;;;;;;;;;;;;;;;;;;;;;;;;;;;;;;;;;;
notif.day3.title;;"Push-notification title (heading). Warm, encouraging and child-friendly; keep it short and keep any emoji exactly as-is. English is 26 characters. Try to stay close to that.";Let’s make day 3 happen! ⭐;;;;;;;;;;;;;;;;;;;;;;;;;;;;;;;;;;;;;;;;;;;;;;;;;;;;;;;;;;;;;;;;;;;;;;;;;;;;
notif.jumppad.body;;"Push-notification body (one short sentence). Warm, encouraging and child-friendly; keep it short and keep any emoji exactly as-is. English is 58 characters. Try to stay close to that.";Use the Jump Pad to skip a wrong answer and keep climbing!;;;;;;;;;;;;;;;;;;;;;;;;;;;;;;;;;;;;;;;;;;;;;;;;;;;;;;;;;;;;;;;;;;;;;;;;;;;;
notif.jumppad.title;;"Push-notification title (heading). Warm, encouraging and child-friendly; keep it short and keep any emoji exactly as-is. English is 26 characters. Try to stay close to that.";Jump past wrong answers! 🚀;;;;;;;;;;;;;;;;;;;;;;;;;;;;;;;;;;;;;;;;;;;;;;;;;;;;;;;;;;;;;;;;;;;;;;;;;;;;
notif.premium.body %lld;;"Push-notification body (one short sentence). Warm, encouraging and child-friendly; keep it short and keep any emoji exactly as-is. Keep the placeholders exactly (%lld); the app fills them with numbers/text at runtime. You may reorder them to fit natural word order. English is 85 characters. Try to stay close to that.";Get Premium for %lld levels per topic and all 10 animals — the adventure keeps going.;;;;;;;;;;;;;;;;;;;;;;;;;;;;;;;;;;;;;;;;;;;;;;;;;;;;;;;;;;;;;;;;;;;;;;;;;;;;
notif.premium.title;;"Push-notification title (heading). Warm, encouraging and child-friendly; keep it short and keep any emoji exactly as-is. English is 33 characters. Try to stay close to that.";Unlock more levels and animals! 🌈;;;;;;;;;;;;;;;;;;;;;;;;;;;;;;;;;;;;;;;;;;;;;;;;;;;;;;;;;;;;;;;;;;;;;;;;;;;;
notif.reactivate.body %lld;;"Push-notification body (one short sentence). Warm, encouraging and child-friendly; keep it short and keep any emoji exactly as-is. Keep the placeholders exactly (%lld); the app fills them with numbers/text at runtime. You may reorder them to fit natural word order. English is 66 characters. Try to stay close to that.";It’s been %lld days. Let’s solve some sums and earn more trophies!;;;;;;;;;;;;;;;;;;;;;;;;;;;;;;;;;;;;;;;;;;;;;;;;;;;;;;;;;;;;;;;;;;;;;;;;;;;;
notif.reactivate.title;;"Push-notification title (heading). Warm, encouraging and child-friendly; keep it short and keep any emoji exactly as-is. English is 22 characters. Try to stay close to that.";Ready to play again? 🎮;;;;;;;;;;;;;;;;;;;;;;;;;;;;;;;;;;;;;;;;;;;;;;;;;;;;;;;;;;;;;;;;;;;;;;;;;;;;
notif.streak.body %lld;;"Push-notification body (one short sentence). Warm, encouraging and child-friendly; keep it short and keep any emoji exactly as-is. Keep the placeholders exactly (%lld); the app fills them with numbers/text at runtime. You may reorder them to fit natural word order. English is 40 characters. Try to stay close to that.";Play for %lld minutes and keep it going!;;;;;;;;;;;;;;;;;;;;;;;;;;;;;;;;;;;;;;;;;;;;;;;;;;;;;;;;;;;;;;;;;;;;;;;;;;;;
notif.streak.title %lld;;"Push-notification title (heading). Warm, encouraging and child-friendly; keep it short and keep any emoji exactly as-is. Keep the placeholders exactly (%lld); the app fills them with numbers/text at runtime. You may reorder them to fit natural word order. English is 34 characters. Try to stay close to that.";Your %lld-day streak is on fire! 🔥;;;;;;;;;;;;;;;;;;;;;;;;;;;;;;;;;;;;;;;;;;;;;;;;;;;;;;;;;;;;;;;;;;;;;;;;;;;;
notif.trophies.body %lld;;"Push-notification body (one short sentence). Warm, encouraging and child-friendly; keep it short and keep any emoji exactly as-is. Keep the placeholders exactly (%lld); the app fills them with numbers/text at runtime. You may reorder them to fit natural word order. English is 61 characters. Try to stay close to that.";Great job! Let’s play for %lld minutes and collect even more.;;;;;;;;;;;;;;;;;;;;;;;;;;;;;;;;;;;;;;;;;;;;;;;;;;;;;;;;;;;;;;;;;;;;;;;;;;;;
notif.trophies.title %lld;;"Push-notification title (heading). Warm, encouraging and child-friendly; keep it short and keep any emoji exactly as-is. Keep the placeholders exactly (%lld); the app fills them with numbers/text at runtime. You may reorder them to fit natural word order. English is 30 characters. Try to stay close to that.";You’ve earned %lld trophies! 🏆;;;;;;;;;;;;;;;;;;;;;;;;;;;;;;;;;;;;;;;;;;;;;;;;;;;;;;;;;;;;;;;;;;;;;;;;;;;;
notif.weekly.body %lld;;"Push-notification body (one short sentence). Warm, encouraging and child-friendly; keep it short and keep any emoji exactly as-is. Keep the placeholders exactly (%lld); the app fills them with numbers/text at runtime. You may reorder them to fit natural word order. English is 54 characters. Try to stay close to that.";That brings your total to %lld trophies. Amazing work!;;;;;;;;;;;;;;;;;;;;;;;;;;;;;;;;;;;;;;;;;;;;;;;;;;;;;;;;;;;;;;;;;;;;;;;;;;;;
notif.weekly.title %lld;;"Push-notification title (heading). Warm, encouraging and child-friendly; keep it short and keep any emoji exactly as-is. Keep the placeholders exactly (%lld); the app fills them with numbers/text at runtime. You may reorder them to fit natural word order. English is 37 characters. Try to stay close to that.";You earned %lld trophies this week! 🌟;;;;;;;;;;;;;;;;;;;;;;;;;;;;;;;;;;;;;;;;;;;;;;;;;;;;;;;;;;;;;;;;;;;;;;;;;;;;
onboarding.level.advanced.subtitle;;Subheading. One short sentence. English is 30 characters. Try to stay close to that.;Different mixed sums together.;Verschillende mix-sommen door elkaar.;;;;;;;;;;;;;;;;;;;;;;;;;;;;;;;;;;;;;;;;;;;;;;;;;;;;;;;;;;;;;;;;;;;;;;;;;;;
onboarding.level.advanced.title;;Heading. Short and punchy. English is 19 characters. Try to stay close to that.;Pretty good already;Al aardig goed;;;;;;;;;;;;;;;;;;;;;;;;;;;;;;;;;;;;;;;;;;;;;;;;;;;;;;;;;;;;;;;;;;;;;;;;;;;
onboarding.level.beginner.subtitle;;Subheading. One short sentence. English is 28 characters. Try to stay close to that.;Practice with sums in order.;Oefenen met oplopende sommen.;;;;;;;;;;;;;;;;;;;;;;;;;;;;;;;;;;;;;;;;;;;;;;;;;;;;;;;;;;;;;;;;;;;;;;;;;;;
onboarding.level.beginner.title;;Heading. Short and punchy. English is 12 characters. Try to stay close to that.;Just started;Net begonnen;;;;;;;;;;;;;;;;;;;;;;;;;;;;;;;;;;;;;;;;;;;;;;;;;;;;;;;;;;;;;;;;;;;;;;;;;;;
onboarding.level.intermediate.subtitle;;Subheading. One short sentence. English is 21 characters. Try to stay close to that.;Sums in random order.;Sommen in willekeurige volgorde.;;;;;;;;;;;;;;;;;;;;;;;;;;;;;;;;;;;;;;;;;;;;;;;;;;;;;;;;;;;;;;;;;;;;;;;;;;;
onboarding.level.intermediate.title;;Heading. Short and punchy. English is 21 characters. Try to stay close to that.;Some practice already;Al wat geoefend;;;;;;;;;;;;;;;;;;;;;;;;;;;;;;;;;;;;;;;;;;;;;;;;;;;;;;;;;;;;;;;;;;;;;;;;;;;
onboarding.level.subtitle %@;;"Subheading. One short sentence. Keep the placeholders exactly (%@); the app fills them with numbers/text at runtime. You may reorder them to fit natural word order. English is 31 characters. Try to stay close to that.";Choose a starting point for %@.;Kies een startpunt voor %@.;;;;;;;;;;;;;;;;;;;;;;;;;;;;;;;;;;;;;;;;;;;;;;;;;;;;;;;;;;;;;;;;;;;;;;;;;;;
onboarding.level.thisTopic;;Onboarding screen text. English is 10 characters. Try to stay close to that.;this topic;dit onderwerp;;;;;;;;;;;;;;;;;;;;;;;;;;;;;;;;;;;;;;;;;;;;;;;;;;;;;;;;;;;;;;;;;;;;;;;;;;;
onboarding.level.title;;Heading. Short and punchy. English is 33 characters. Try to stay close to that.;How good are you at this already?;Hoe goed ben je hier al in?;;;;;;;;;;;;;;;;;;;;;;;;;;;;;;;;;;;;;;;;;;;;;;;;;;;;;;;;;;;;;;;;;;;;;;;;;;;
onboarding.name.subtitle;;Subheading. One short sentence. English is 36 characters. Try to stay close to that.;Let's get started. What's your name?;Laten we beginnen. Hoe heet je?;;;;;;;;;;;;;;;;;;;;;;;;;;;;;;;;;;;;;;;;;;;;;;;;;;;;;;;;;;;;;;;;;;;;;;;;;;;
onboarding.name.title;;Heading. Short and punchy. English is 35 characters. Try to stay close to that.;"Doing sums has
never been this fun!";"Sommen maken was
nog nooit zo leuk!";;;;;;;;;;;;;;;;;;;;;;;;;;;;;;;;;;;;;;;;;;;;;;;;;;;;;;;;;;;;;;;;;;;;;;;;;;;
onboarding.subject.subtitle;;Subheading. One short sentence. English is 29 characters. Try to stay close to that.;Choose a topic to start with.;Kies een onderwerp om mee te beginnen.;;;;;;;;;;;;;;;;;;;;;;;;;;;;;;;;;;;;;;;;;;;;;;;;;;;;;;;;;;;;;;;;;;;;;;;;;;;
onboarding.subject.title;;Heading. Short and punchy. English is 26 characters. Try to stay close to that.;What do you want to learn?;Wat wil je leren?;;;;;;;;;;;;;;;;;;;;;;;;;;;;;;;;;;;;;;;;;;;;;;;;;;;;;;;;;;;;;;;;;;;;;;;;;;;
options.capAt30.info;;In-app text. English is 114 characters. Try to stay close to that.;Each level has a trophy goal of up to 50. If this option is on, the game finishes automatically when you reach it.;Elk level heeft een trofeedoel van maximaal 50. Als deze optie aanstaat, wordt het spel automatisch beëindigd zodra je dat haalt.;;;;;;;;;;;;;;;;;;;;;;;;;;;;;;;;;;;;;;;;;;;;;;;;;;;;;;;;;;;;;;;;;;;;;;;;;;;
options.capAt30.title;;Heading. Short and punchy. English is 14 characters. Try to stay close to that.;Finish at goal;Afronden bij doel;;;;;;;;;;;;;;;;;;;;;;;;;;;;;;;;;;;;;;;;;;;;;;;;;;;;;;;;;;;;;;;;;;;;;;;;;;;
options.helperMode.info;;In-app text. English is 135 characters. Try to stay close to that.;In Helper Mode the correct answer is always shown in green. Trophies earned in this mode are counted separately and marked with a star.;In de hulpmodus wordt het juiste antwoord altijd groen weergegeven. Trofeeën die je in deze modus verdient worden apart geteld en gemarkeerd met een ster.;;;;;;;;;;;;;;;;;;;;;;;;;;;;;;;;;;;;;;;;;;;;;;;;;;;;;;;;;;;;;;;;;;;;;;;;;;;
options.helperMode.title;;Heading. Short and punchy. English is 11 characters. Try to stay close to that.;Helper mode;Helpermodus;;;;;;;;;;;;;;;;;;;;;;;;;;;;;;;;;;;;;;;;;;;;;;;;;;;;;;;;;;;;;;;;;;;;;;;;;;;
options.unlimitedLives.info;;In-app text. English is 156 characters. Try to stay close to that.;You always start with 3 lives. The game will finish when you have no lives left. Turn this option on to keep playing and practice after your lives are gone.;Je begint altijd met 3 levens. Het spel wordt beëindigd als je geen levens meer hebt. Zet deze optie aan om door te spelen en te oefenen nadat je levens op zijn.;;;;;;;;;;;;;;;;;;;;;;;;;;;;;;;;;;;;;;;;;;;;;;;;;;;;;;;;;;;;;;;;;;;;;;;;;;;
options.unlimitedLives.title;;Heading. Short and punchy. English is 15 characters. Try to stay close to that.;Unlimited lives;Onbeperkt levens;;;;;;;;;;;;;;;;;;;;;;;;;;;;;;;;;;;;;;;;;;;;;;;;;;;;;;;;;;;;;;;;;;;;;;;;;;;
parentGate.approved;;Parental-gate text for grown-ups. Clear and short. English is 8 characters. Try to stay close to that.;Approved;Goedgekeurd;;;;;;;;;;;;;;;;;;;;;;;;;;;;;;;;;;;;;;;;;;;;;;;;;;;;;;;;;;;;;;;;;;;;;;;;;;;
parentGate.attempts %lld %lld;;"Parental-gate text for grown-ups. Clear and short. Keep the placeholders exactly (%1$lld, %2$lld); the app fills them with numbers/text at runtime. You may reorder them to fit natural word order. English is 26 characters. Try to stay close to that.";Attempts: %1$lld of %2$lld;Pogingen: %1$lld van %2$lld;;;;;;;;;;;;;;;;;;;;;;;;;;;;;;;;;;;;;;;;;;;;;;;;;;;;;;;;;;;;;;;;;;;;;;;;;;;
parentGate.holdInstruction %@ %lld;;"Parental-gate text for grown-ups. Clear and short. Keep the placeholders exactly (%@, %lld); the app fills them with numbers/text at runtime. You may reorder them to fit natural word order. English is 29 characters. Try to stay close to that.";Hold the %@ for %lld seconds.;Houd de %@ %lld seconden ingedrukt.;;;;;;;;;;;;;;;;;;;;;;;;;;;;;;;;;;;;;;;;;;;;;;;;;;;;;;;;;;;;;;;;;;;;;;;;;;;
parentGate.holdProgress %lld;;"Parental-gate text for grown-ups. Clear and short. Keep the placeholders exactly (%lld); the app fills them with numbers/text at runtime. You may reorder them to fit natural word order. English is 10 characters. Try to stay close to that.";Hold: %lld;Ingedrukt houden: %lld;;;;;;;;;;;;;;;;;;;;;;;;;;;;;;;;;;;;;;;;;;;;;;;;;;;;;;;;;;;;;;;;;;;;;;;;;;;
parentGate.instruction %@ %lld %@ %lld;;"Parental-gate text for grown-ups. Clear and short. Keep the placeholders exactly (%@, %lld); the app fills them with numbers/text at runtime. You may reorder them to fit natural word order. English is 57 characters. Try to stay close to that.";Hold the %@ for %lld seconds. Then tap the %@ %lld times.;Houd de %@ %lld seconden ingedrukt. Tik daarna %4$lld keer op de %3$@.;;;;;;;;;;;;;;;;;;;;;;;;;;;;;;;;;;;;;;;;;;;;;;;;;;;;;;;;;;;;;;;;;;;;;;;;;;;
parentGate.shape.circle;;Parental-gate text for grown-ups. Clear and short. English is 6 characters. Try to stay close to that.;circle;cirkel;;;;;;;;;;;;;;;;;;;;;;;;;;;;;;;;;;;;;;;;;;;;;;;;;;;;;;;;;;;;;;;;;;;;;;;;;;;
parentGate.shape.diamond;;Parental-gate text for grown-ups. Clear and short. English is 7 characters. Try to stay close to that.;diamond;ruit;;;;;;;;;;;;;;;;;;;;;;;;;;;;;;;;;;;;;;;;;;;;;;;;;;;;;;;;;;;;;;;;;;;;;;;;;;;
parentGate.shape.heart;;Parental-gate text for grown-ups. Clear and short. English is 5 characters. Try to stay close to that.;heart;hart;;;;;;;;;;;;;;;;;;;;;;;;;;;;;;;;;;;;;;;;;;;;;;;;;;;;;;;;;;;;;;;;;;;;;;;;;;;
parentGate.shape.hexagon;;Parental-gate text for grown-ups. Clear and short. English is 7 characters. Try to stay close to that.;hexagon;zeshoek;;;;;;;;;;;;;;;;;;;;;;;;;;;;;;;;;;;;;;;;;;;;;;;;;;;;;;;;;;;;;;;;;;;;;;;;;;;
parentGate.shape.plus;;Parental-gate text for grown-ups. Clear and short. English is 4 characters. Try to stay close to that.;plus;plusteken;;;;;;;;;;;;;;;;;;;;;;;;;;;;;;;;;;;;;;;;;;;;;;;;;;;;;;;;;;;;;;;;;;;;;;;;;;;
parentGate.shape.square;;Parental-gate text for grown-ups. Clear and short. English is 6 characters. Try to stay close to that.;square;vierkant;;;;;;;;;;;;;;;;;;;;;;;;;;;;;;;;;;;;;;;;;;;;;;;;;;;;;;;;;;;;;;;;;;;;;;;;;;;
parentGate.shape.star;;Parental-gate text for grown-ups. Clear and short. English is 4 characters. Try to stay close to that.;star;ster;;;;;;;;;;;;;;;;;;;;;;;;;;;;;;;;;;;;;;;;;;;;;;;;;;;;;;;;;;;;;;;;;;;;;;;;;;;
parentGate.shape.triangle;;Parental-gate text for grown-ups. Clear and short. English is 8 characters. Try to stay close to that.;triangle;driehoek;;;;;;;;;;;;;;;;;;;;;;;;;;;;;;;;;;;;;;;;;;;;;;;;;;;;;;;;;;;;;;;;;;;;;;;;;;;
parentGate.stepOne;;Parental-gate text for grown-ups. Clear and short. English is 11 characters. Try to stay close to that.;Step 1 of 2;Stap 1 van 2;;;;;;;;;;;;;;;;;;;;;;;;;;;;;;;;;;;;;;;;;;;;;;;;;;;;;;;;;;;;;;;;;;;;;;;;;;;
parentGate.stepTwo;;Parental-gate text for grown-ups. Clear and short. English is 11 characters. Try to stay close to that.;Step 2 of 2;Stap 2 van 2;;;;;;;;;;;;;;;;;;;;;;;;;;;;;;;;;;;;;;;;;;;;;;;;;;;;;;;;;;;;;;;;;;;;;;;;;;;
parentGate.subtitle;;Subheading. One short sentence. English is 94 characters. Try to stay close to that.;To protect young players, an adult must complete this check before continuing to the purchase.;Om jonge spelers te beschermen, moet een volwassene deze controle voltooien voordat de aankoop kan worden voortgezet.;;;;;;;;;;;;;;;;;;;;;;;;;;;;;;;;;;;;;;;;;;;;;;;;;;;;;;;;;;;;;;;;;;;;;;;;;;;
parentGate.tapInstruction %lld %@;;"Parental-gate text for grown-ups. Clear and short. Keep the placeholders exactly (%2$@, %1$lld); the app fills them with numbers/text at runtime. You may reorder them to fit natural word order. English is 30 characters. Try to stay close to that.";Now tap the %2$@ %1$lld times.;Tik nu %1$lld keer op de %2$@.;;;;;;;;;;;;;;;;;;;;;;;;;;;;;;;;;;;;;;;;;;;;;;;;;;;;;;;;;;;;;;;;;;;;;;;;;;;
parentGate.tapProgress %lld %lld;;"Parental-gate text for grown-ups. Clear and short. Keep the placeholders exactly (%1$lld, %2$lld); the app fills them with numbers/text at runtime. You may reorder them to fit natural word order. English is 22 characters. Try to stay close to that.";Taps: %1$lld of %2$lld;Aantal tikken: %1$lld van %2$lld;;;;;;;;;;;;;;;;;;;;;;;;;;;;;;;;;;;;;;;;;;;;;;;;;;;;;;;;;;;;;;;;;;;;;;;;;;;
parentGate.title;;Heading. Short and punchy. English is 23 characters. Try to stay close to that.;Adult approval required;Goedkeuring door een volwassene vereist;;;;;;;;;;;;;;;;;;;;;;;;;;;;;;;;;;;;;;;;;;;;;;;;;;;;;;;;;;;;;;;;;;;;;;;;;;;
premium.availableAt %lld;;"Settings text. Keep it compact. Keep the placeholders exactly (%lld); the app fills them with numbers/text at runtime. You may reorder them to fit natural word order. English is 28 characters. Try to stay close to that.";Available from %lld trophies;Beschikbaar vanaf %lld trofeeën;;;;;;;;;;;;;;;;;;;;;;;;;;;;;;;;;;;;;;;;;;;;;;;;;;;;;;;;;;;;;;;;;;;;;;;;;;;
premium.availableFromStart;;Settings text. Keep it compact. English is 24 characters. Try to stay close to that.;Available from the start;Beschikbaar vanaf de start;;;;;;;;;;;;;;;;;;;;;;;;;;;;;;;;;;;;;;;;;;;;;;;;;;;;;;;;;;;;;;;;;;;;;;;;;;;
premium.characterUnlocked;;Settings text. Keep it compact. English is 22 characters. Try to stay close to that.;NEW CHARACTER UNLOCKED;NIEUW KARAKTER VRIJGESPEELD;;;;;;;;;;;;;;;;;;;;;;;;;;;;;;;;;;;;;;;;;;;;;;;;;;;;;;;;;;;;;;;;;;;;;;;;;;;
premium.characterUnlocked %@;;"Settings text. Keep it compact. Keep the placeholders exactly (%@); the app fills them with numbers/text at runtime. You may reorder them to fit natural word order. English is 11 characters. Try to stay close to that.";%@ unlocked;%@ vrijgespeeld;;;;;;;;;;;;;;;;;;;;;;;;;;;;;;;;;;;;;;;;;;;;;;;;;;;;;;;;;;;;;;;;;;;;;;;;;;;
premium.earnedTrophies %lld;;"Settings text. Keep it compact. Keep the placeholders exactly (%lld); the app fills them with numbers/text at runtime. You may reorder them to fit natural word order. English is 27 characters. Try to stay close to that.";You’ve earned %lld trophies;Je hebt %lld trofeeën verdiend;;;;;;;;;;;;;;;;;;;;;;;;;;;;;;;;;;;;;;;;;;;;;;;;;;;;;;;;;;;;;;;;;;;;;;;;;;;
premium.exclusiveBadge;;Settings text. Keep it compact. English is 22 characters. Try to stay close to that.;Exclusive with Premium;Exclusief met Premium;;;;;;;;;;;;;;;;;;;;;;;;;;;;;;;;;;;;;;;;;;;;;;;;;;;;;;;;;;;;;;;;;;;;;;;;;;;
premium.exclusiveWithPremium;;Settings text. Keep it compact. English is 22 characters. Try to stay close to that.;Exclusive with Premium;Exclusief met Premium;;;;;;;;;;;;;;;;;;;;;;;;;;;;;;;;;;;;;;;;;;;;;;;;;;;;;;;;;;;;;;;;;;;;;;;;;;;
premium.feature.animals.subtitle;;Subheading. One short sentence. English is 49 characters. Try to stay close to that.;With premium you play freely with all 10 animals.;Met premium speel je vrij met alle 10 de dieren.;;;;;;;;;;;;;;;;;;;;;;;;;;;;;;;;;;;;;;;;;;;;;;;;;;;;;;;;;;;;;;;;;;;;;;;;;;;
premium.feature.animals.title;;Heading. Short and punchy. English is 21 characters. Try to stay close to that.;Access to all animals;Toegang tot alle dieren;;;;;;;;;;;;;;;;;;;;;;;;;;;;;;;;;;;;;;;;;;;;;;;;;;;;;;;;;;;;;;;;;;;;;;;;;;;
premium.feature.levels.subtitle;;Subheading. One short sentence. English is 35 characters. Try to stay close to that.;Always enough new sums to practice.;Altijd genoeg nieuwe sommen om te oefenen.;;;;;;;;;;;;;;;;;;;;;;;;;;;;;;;;;;;;;;;;;;;;;;;;;;;;;;;;;;;;;;;;;;;;;;;;;;;
premium.feature.levels.title;;Heading. Short and punchy. English is 19 characters. Try to stay close to that.;99 levels per topic;99 levels per onderwerp;;;;;;;;;;;;;;;;;;;;;;;;;;;;;;;;;;;;;;;;;;;;;;;;;;;;;;;;;;;;;;;;;;;;;;;;;;;
premium.feature.noAds.subtitle;;Subheading. One short sentence. English is 38 characters. Try to stay close to that.;Play completely without interruptions.;Volledig zonder onderbrekingen spelen.;;;;;;;;;;;;;;;;;;;;;;;;;;;;;;;;;;;;;;;;;;;;;;;;;;;;;;;;;;;;;;;;;;;;;;;;;;;
premium.feature.noAds.title;;Heading. Short and punchy. English is 6 characters. Try to stay close to that.;No ads;Geen advertenties;;;;;;;;;;;;;;;;;;;;;;;;;;;;;;;;;;;;;;;;;;;;;;;;;;;;;;;;;;;;;;;;;;;;;;;;;;;
premium.oneTime;;Settings text. Keep it compact. English is 33 characters. Try to stay close to that.;One-time purchase. Yours forever.;Eenmalige aankoop. Voor altijd van jou.;;;;;;;;;;;;;;;;;;;;;;;;;;;;;;;;;;;;;;;;;;;;;;;;;;;;;;;;;;;;;;;;;;;;;;;;;;;
premium.restore;;Settings text. Keep it compact. English is 17 characters. Try to stay close to that.;Restore purchases;Aankopen herstellen;;;;;;;;;;;;;;;;;;;;;;;;;;;;;;;;;;;;;;;;;;;;;;;;;;;;;;;;;;;;;;;;;;;;;;;;;;;
premium.start;;Settings text. Keep it compact. English is 5 characters. Try to stay close to that.;Start;Start;;;;;;;;;;;;;;;;;;;;;;;;;;;;;;;;;;;;;;;;;;;;;;;;;;;;;;;;;;;;;;;;;;;;;;;;;;;
premium.storeUnavailable;;Settings text. Keep it compact. English is 61 characters. Try to stay close to that.;The store is not available right now. Please try again later.;De winkel is nu niet beschikbaar. Probeer het later opnieuw.;;;;;;;;;;;;;;;;;;;;;;;;;;;;;;;;;;;;;;;;;;;;;;;;;;;;;;;;;;;;;;;;;;;;;;;;;;;
premium.unlock;;Settings text. Keep it compact. English is 14 characters. Try to stay close to that.;Unlock Premium;Premium ontgrendelen;;;;;;;;;;;;;;;;;;;;;;;;;;;;;;;;;;;;;;;;;;;;;;;;;;;;;;;;;;;;;;;;;;;;;;;;;;;
premium.unlockWithPrice %@;;"Settings text. Keep it compact. Keep the placeholders exactly (%@); the app fills them with numbers/text at runtime. You may reorder them to fit natural word order. English is 19 characters. Try to stay close to that.";Unlock Premium · %@;Premium ontgrendelen · %@;;;;;;;;;;;;;;;;;;;;;;;;;;;;;;;;;;;;;;;;;;;;;;;;;;;;;;;;;;;;;;;;;;;;;;;;;;;
premium.unlockWithTrophies;;Settings text. Keep it compact. English is 20 characters. Try to stay close to that.;Unlock with trophies;Vrijspelen met trofeeën;;;;;;;;;;;;;;;;;;;;;;;;;;;;;;;;;;;;;;;;;;;;;;;;;;;;;;;;;;;;;;;;;;;;;;;;;;;
premium.unlockedWithPremium;;Settings text. Keep it compact. English is 21 characters. Try to stay close to that.;Unlocked with Premium;Vrijgespeeld met Premium;;;;;;;;;;;;;;;;;;;;;;;;;;;;;;;;;;;;;;;;;;;;;;;;;;;;;;;;;;;;;;;;;;;;;;;;;;;
premium.youHavePremium;;Settings text. Keep it compact. English is 17 characters. Try to stay close to that.;You have Premium!;Je hebt Premium!;;;;;;;;;;;;;;;;;;;;;;;;;;;;;;;;;;;;;;;;;;;;;;;;;;;;;;;;;;;;;;;;;;;;;;;;;;;
settings.character;;Settings text. Keep it compact. English is 9 characters. Try to stay close to that.;Character;Personage;;;;;;;;;;;;;;;;;;;;;;;;;;;;;;;;;;;;;;;;;;;;;;;;;;;;;;;;;;;;;;;;;;;;;;;;;;;
settings.characterInfo;;Settings text. Keep it compact. English is 58 characters. Try to stay close to that.;Every animal brings its own color theme to the whole game.;Elk dier geeft het hele spel zijn eigen kleurenthema.;;;;;;;;;;;;;;;;;;;;;;;;;;;;;;;;;;;;;;;;;;;;;;;;;;;;;;;;;;;;;;;;;;;;;;;;;;;
settings.customMinutes %lld;;"Settings text. Keep it compact. Keep the placeholders exactly (%lld); the app fills them with numbers/text at runtime. You may reorder them to fit natural word order. English is 16 characters. Try to stay close to that.";Custom: %lld min;Aangepast: %lld min;;;;;;;;;;;;;;;;;;;;;;;;;;;;;;;;;;;;;;;;;;;;;;;;;;;;;;;;;;;;;;;;;;;;;;;;;;;
settings.dailyGoal;;Settings text. Keep it compact. English is 10 characters. Try to stay close to that.;Daily goal;Dagelijks doel;;;;;;;;;;;;;;;;;;;;;;;;;;;;;;;;;;;;;;;;;;;;;;;;;;;;;;;;;;;;;;;;;;;;;;;;;;;
settings.goalInfo;;Settings text. Keep it compact. English is 73 characters. Try to stay close to that.;The streak goal starts at 5 minutes per day. Only active playtime counts.;Het streakdoel begint bij 5 minuten per dag. Alleen actieve speeltijd telt mee.;;;;;;;;;;;;;;;;;;;;;;;;;;;;;;;;;;;;;;;;;;;;;;;;;;;;;;;;;;;;;;;;;;;;;;;;;;;
settings.lives;;Settings text. Keep it compact. English is 5 characters. Try to stay close to that.;Lives;Levens;;;;;;;;;;;;;;;;;;;;;;;;;;;;;;;;;;;;;;;;;;;;;;;;;;;;;;;;;;;;;;;;;;;;;;;;;;;
settings.livesInfo;;Settings text. Keep it compact. English is 152 characters. Try to stay close to that.;"With three lives the game ends after your last heart. In unlimited mode trophies only count while you still have lives; after that you can keep playing.";"Met drie levens eindigt het spel na je laatste hartje. In oneindige modus tellen trofeeën alleen mee zolang je nog levens hebt; daarna kun je wel doorspelen.";;;;;;;;;;;;;;;;;;;;;;;;;;;;;;;;;;;;;;;;;;;;;;;;;;;;;;;;;;;;;;;;;;;;;;;;;;;
settings.playGoals;;Settings text. Keep it compact. English is 10 characters. Try to stay close to that.;Play goals;Speeldoelen;;;;;;;;;;;;;;;;;;;;;;;;;;;;;;;;;;;;;;;;;;;;;;;;;;;;;;;;;;;;;;;;;;;;;;;;;;;
settings.premiumUnlocked;;Settings text. Keep it compact. English is 28 characters. Try to stay close to that.;Premium unlocked. Thank you!;Premium ontgrendeld. Bedankt!;;;;;;;;;;;;;;;;;;;;;;;;;;;;;;;;;;;;;;;;;;;;;;;;;;;;;;;;;;;;;;;;;;;;;;;;;;;
settings.title;;Heading. Short and punchy. English is 8 characters. Try to stay close to that.;Settings;Instellingen;;;;;;;;;;;;;;;;;;;;;;;;;;;;;;;;;;;;;;;;;;;;;;;;;;;;;;;;;;;;;;;;;;;;;;;;;;;
streak.accessibility.chooseDailyGoal;;VoiceOver label (not shown on screen). Favour clarity over brevity. English is 19 characters. Try to stay close to that.;Choose a daily goal;Kies een dagelijks doel;;;;;;;;;;;;;;;;;;;;;;;;;;;;;;;;;;;;;;;;;;;;;;;;;;;;;;;;;;;;;;;;;;;;;;;;;;;
streak.accessibility.choosePeriod;;VoiceOver label (not shown on screen). Favour clarity over brevity. English is 29 characters. Try to stay close to that.;Choose a daily or weekly goal;Kies een dagelijks of wekelijks doel;;;;;;;;;;;;;;;;;;;;;;;;;;;;;;;;;;;;;;;;;;;;;;;;;;;;;;;;;;;;;;;;;;;;;;;;;;;
streak.accessibility.compact %@ %lld %lld %lld;;"VoiceOver label (not shown on screen). Favour clarity over brevity. Keep the placeholders exactly (%1$@, %2$lld, %3$lld, %4$lld); the app fills them with numbers/text at runtime. You may reorder them to fit natural word order. English is 52 characters. Try to stay close to that.";%1$@, %2$lld of %3$lld minutes, %4$lld days in a row;%1$@, %2$lld van %3$lld minuten, %4$lld dagen op rij;;;;;;;;;;;;;;;;;;;;;;;;;;;;;;;;;;;;;;;;;;;;;;;;;;;;;;;;;;;;;;;;;;;;;;;;;;;
streak.accessibility.daily %lld %lld;;"VoiceOver label (not shown on screen). Favour clarity over brevity. Keep the placeholders exactly (%lld); the app fills them with numbers/text at runtime. You may reorder them to fit natural word order. English is 34 characters. Try to stay close to that.";Daily streak, %lld of %lld minutes;Dagelijkse streak, %lld van %lld minuten;;;;;;;;;;;;;;;;;;;;;;;;;;;;;;;;;;;;;;;;;;;;;;;;;;;;;;;;;;;;;;;;;;;;;;;;;;;
streak.daily;;Streak or progress label. Keep it short. English is 12 characters. Try to stay close to that.;Daily streak;Dagelijkse streak;;;;;;;;;;;;;;;;;;;;;;;;;;;;;;;;;;;;;;;;;;;;;;;;;;;;;;;;;;;;;;;;;;;;;;;;;;;
streak.dayOne;;Streak or progress label. Keep it short. English is 5 characters. Try to stay close to that.;Day 1;Dag 1;;;;;;;;;;;;;;;;;;;;;;;;;;;;;;;;;;;;;;;;;;;;;;;;;;;;;;;;;;;;;;;;;;;;;;;;;;;
streak.daysInARow %lld;one;"Streak or progress label. Keep it short. Keep the placeholders exactly (%lld); the app fills them with numbers/text at runtime. You may reorder them to fit natural word order. English is 17 characters. Try to stay close to that.";%lld day in a row;%lld dag op rij;;;;;;;;;;;;;;;;;;;;;;;;;;;;;;;;;;;;;;;;;;;;;;;;;;;;;;;;;;;;;;;;;;;;;;;;;;;
streak.daysInARow %lld;other;"Streak or progress label. Keep it short. Keep the placeholders exactly (%lld); the app fills them with numbers/text at runtime. You may reorder them to fit natural word order. English is 18 characters. Try to stay close to that.";%lld days in a row;%lld dagen op rij;;;;;;;;;;;;;;;;;;;;;;;;;;;;;;;;;;;;;;;;;;;;;;;;;;;;;;;;;;;;;;;;;;;;;;;;;;;
tutorial.answerHint;;In-app text. English is 50 characters. Try to stay close to that.;Don’t know the answer? Tap the question to see it.;Weet je het antwoord niet? Tik dan op de som om het antwoord te bekijken.;;;;;;;;;;;;;;;;;;;;;;;;;;;;;;;;;;;;;;;;;;;;;;;;;;;;;;;;;;;;;;;;;;;;;;;;;;;
tutorial.complete;;In-app text. English is 63 characters. Try to stay close to that.;Well done! The tutorial is complete. Now go for the high score!;Goed gedaan! De tutorial is afgerond. Ga nu voor de highscore!;;;;;;;;;;;;;;;;;;;;;;;;;;;;;;;;;;;;;;;;;;;;;;;;;;;;;;;;;;;;;;;;;;;;;;;;;;;
tutorial.correctAnswer;;In-app text. English is 47 characters. Try to stay close to that.;Jump on the correct answer to collect a trophy.;Spring op het goede antwoord om een trofee te verzamelen.;;;;;;;;;;;;;;;;;;;;;;;;;;;;;;;;;;;;;;;;;;;;;;;;;;;;;;;;;;;;;;;;;;;;;;;;;;;
tutorial.correctAnswerGreen;;In-app text. English is 69 characters. Try to stay close to that.;The correct answer is shown in green. Now jump on the correct answer.;Het goede antwoord wordt groen aangegeven. Spring nu op het goede antwoord.;;;;;;;;;;;;;;;;;;;;;;;;;;;;;;;;;;;;;;;;;;;;;;;;;;;;;;;;;;;;;;;;;;;;;;;;;;;
tutorial.doubler.answer;;In-app text. English is 58 characters. Try to stay close to that.;Now jump on the correct answer to collect triple trophies.;Spring nu op het goede antwoord om drie keer zoveel trofeeën te verzamelen.;;;;;;;;;;;;;;;;;;;;;;;;;;;;;;;;;;;;;;;;;;;;;;;;;;;;;;;;;;;;;;;;;;;;;;;;;;;
tutorial.doubler.collect;;In-app text. English is 49 characters. Try to stay close to that.;Collect the ×3 coin to earn triple trophies once.;Pak de ×3-munt om eenmalig drie keer zoveel trofeeën te krijgen.;;;;;;;;;;;;;;;;;;;;;;;;;;;;;;;;;;;;;;;;;;;;;;;;;;;;;;;;;;;;;;;;;;;;;;;;;;;
tutorial.lifePickup;;In-app text. English is 58 characters. Try to stay close to that.;You can find half a life or a full life to get lives back.;Je kunt een half of een heel leven vinden om levens terug te krijgen.;;;;;;;;;;;;;;;;;;;;;;;;;;;;;;;;;;;;;;;;;;;;;;;;;;;;;;;;;;;;;;;;;;;;;;;;;;;
tutorial.minusOne;;In-app text. English is 38 characters. Try to stay close to that.;Avoid the −1. It costs you one trophy.;Vermijd de −1. Deze kost je één trofee.;;;;;;;;;;;;;;;;;;;;;;;;;;;;;;;;;;;;;;;;;;;;;;;;;;;;;;;;;;;;;;;;;;;;;;;;;;;
tutorial.move;;In-app text. English is 89 characters. Try to stay close to that.;Move your device to go left and right. You can also move through the sides of the screen.;Beweeg je apparaat om naar links en rechts te bewegen. Je kunt ook door de zijkanten van het scherm gaan.;;;;;;;;;;;;;;;;;;;;;;;;;;;;;;;;;;;;;;;;;;;;;;;;;;;;;;;;;;;;;;;;;;;;;;;;;;;
tutorial.platforms;;In-app text. English is 33 characters. Try to stay close to that.;Jump on the platforms to move up.;Spring op de stenen om omhoog te komen.;;;;;;;;;;;;;;;;;;;;;;;;;;;;;;;;;;;;;;;;;;;;;;;;;;;;;;;;;;;;;;;;;;;;;;;;;;;
tutorial.scoreHint;;In-app text. English is 40 characters. Try to stay close to that.;Your score for this level is shown here.;Je score voor dit level staat hier;;;;;;;;;;;;;;;;;;;;;;;;;;;;;;;;;;;;;;;;;;;;;;;;;;;;;;;;;;;;;;;;;;;;;;;;;;;
tutorial.star;;In-app text. English is 47 characters. Try to stay close to that.;Jump into the star to shoot away wrong answers.;Spring tegen de ster om foute antwoorden weg te schieten.;;;;;;;;;;;;;;;;;;;;;;;;;;;;;;;;;;;;;;;;;;;;;;;;;;;;;;;;;;;;;;;;;;;;;;;;;;;
tutorial.wrongAnswer;;In-app text. English is 75 characters. Try to stay close to that.;If you choose a wrong answer, you lose one of your three lives. Try it now.;Bij een fout antwoord verlies je één van je drie levens. Probeer het maar.;;;;;;;;;;;;;;;;;;;;;;;;;;;;;;;;;;;;;;;;;;;;;;;;;;;;;;;;;;;;;;;;;;;;;;;;;;;
